mof,relative_humidity_percent,temperature_c,max_uptake_kgkg,rh50_percent,steepness,regen_temp_c,cycle_minutes,water_stability_score,cost_score,pore_volume_cm3g,surface_area_m2g,uptake_kgkg
MOF-303,5.0,15,0.42,22,0.16,85,20,0.88,0.72,0.52,1250,0.02597221767099699
MOF-303,5.0,25,0.42,22,0.16,85,20,0.88,0.72,0.52,1250,0.029542402280808837
MOF-303,5.0,35,0.42,22,0.16,85,20,0.88,0.72,0.52,1250,0.0216295033331323
MOF-303,5.0,45,0.42,22,0.16,85,20,0.88,0.72,0.52,1250,0.013193757299163333
MOF-303,5.0,60,0.42,22,0.16,85,20,0.88,0.72,0.52,1250,0.016867362592347522
MOF-303,8.0,15,0.42,22,0.16,85,20,0.88,0.72,0.52,1250,0.028510768858533438
MOF-303,8.0,25,0.42,22,0.16,85,20,0.88,0.72,0.52,1250,0.04113225074966025
MOF-303,8.0,35,0.42,22,0.16,85,20,0.88,0.72,0.52,1250,0.05487668936440575
MOF-303,8.0,45,0.42,22,0.16,85,20,0.88,0.72,0.52,1250,0.03127120709439576
MOF-303,8.0,60,0.42,22,0.16,85,20,0.88,0.72,0.52,1250,0.027307354868062964
MOF-303,11.0,15,0.42,22,0.16,85,20,0.88,0.72,0.52,1250,0.06753004731880298
MOF-303,11.0,25,0.42,22,0.16,85,20,0.88,0.72,0.52,1250,0.06593458681450132
MOF-303,11.0,35,0.42,22,0.16,85,20,0.88,0.72,0.52,1250,0.06045083599589215
MOF-303,11.0,45,0.42,22,0.16,85,20,0.88,0.72,0.52,1250,0.0455541707627557
MOF-303,11.0,60,0.42,22,0.16,85,20,0.88,0.72,0.52,1250,0.05266964886670003
MOF-303,14.0,15,0.42,22,0.16,85,20,0.88,0.72,0.52,1250,0.09971473223579219
MOF-303,14.0,25,0.42,22,0.16,85,20,0.88,0.72,0.52,1250,0.07524051933487176
MOF-303,14.0,35,0.42,22,0.16,85,20,0.88,0.72,0.52,1250,0.08222486101371841
MOF-303,14.0,45,0.42,22,0.16,85,20,0.88,0.72,0.52,1250,0.061246733512499194
MOF-303,14.0,60,0.42,22,0.16,85,20,0.88,0.72,0.52,1250,0.06310468787855203
MOF-303,17.0,15,0.42,22,0.16,85,20,0.88,0.72,0.52,1250,0.10810989747290198
MOF-303,17.0,25,0.42,22,0.16,85,20,0.88,0.72,0.52,1250,0.1273896243535066
MOF-303,17.0,35,0.42,22,0.16,85,20,0.88,0.72,0.52,1250,0.1097929314320222
MOF-303,17.0,45,0.42,22,0.16,85,20,0.88,0.72,0.52,1250,0.12304903279815096
MOF-303,17.0,60,0.42,22,0.16,85,20,0.88,0.72,0.52,1250,0.11386223045619707
MOF-303,20.0,15,0.42,22,0.16,85,20,0.88,0.72,0.52,1250,0.17444064276196578
MOF-303,20.0,25,0.42,22,0.16,85,20,0.88,0.72,0.52,1250,0.14648269756767907
MOF-303,20.0,35,0.42,22,0.16,85,20,0.88,0.72,0.52,1250,0.1631521467834646
MOF-303,20.0,45,0.42,22,0.16,85,20,0.88,0.72,0.52,1250,0.16196709762491035
MOF-303,20.0,60,0.42,22,0.16,85,20,0.88,0.72,0.52,1250,0.1533077879559114
MOF-303,23.0,15,0.42,22,0.16,85,20,0.88,0.72,0.52,1250,0.20840262232727286
MOF-303,23.0,25,0.42,22,0.16,85,20,0.88,0.72,0.52,1250,0.2210312122009304
MOF-303,23.0,35,0.42,22,0.16,85,20,0.88,0.72,0.52,1250,0.20595145251612437
MOF-303,23.0,45,0.42,22,0.16,85,20,0.88,0.72,0.52,1250,0.19891706451916338
MOF-303,23.0,60,0.42,22,0.16,85,20,0.88,0.72,0.52,1250,0.20774803978210324
MOF-303,26.0,15,0.42,22,0.16,85,20,0.88,0.72,0.52,1250,0.2653060373506713
MOF-303,26.0,25,0.42,22,0.16,85,20,0.88,0.72,0.52,1250,0.2746061929953078
MOF-303,26.0,35,0.42,22,0.16,85,20,0.88,0.72,0.52,1250,0.274609273725066
MOF-303,26.0,45,0.42,22,0.16,85,20,0.88,0.72,0.52,1250,0.2459935319853621
MOF-303,26.0,60,0.42,22,0.16,85,20,0.88,0.72,0.52,1250,0.23515652657599256
MOF-303,29.0,15,0.42,22,0.16,85,20,0.88,0.72,0.52,1250,0.31800083062755197
MOF-303,29.0,25,0.42,22,0.16,85,20,0.88,0.72,0.52,1250,0.3174406421996189
MOF-303,29.0,35,0.42,22,0.16,85,20,0.88,0.72,0.52,1250,0.28930758055520356
MOF-303,29.0,45,0.42,22,0.16,85,20,0.88,0.72,0.52,1250,0.2922549228003976
MOF-303,29.0,60,0.42,22,0.16,85,20,0.88,0.72,0.52,1250,0.2886466054422585
MOF-303,32.0,15,0.42,22,0.16,85,20,0.88,0.72,0.52,1250,0.33088198561870646
MOF-303,32.0,25,0.42,22,0.16,85,20,0.88,0.72,0.52,1250,0.35976031401250746
MOF-303,32.0,35,0.42,22,0.16,85,20,0.88,0.72,0.52,1250,0.3369020611943573
MOF-303,32.0,45,0.42,22,0.16,85,20,0.88,0.72,0.52,1250,0.3137942592864618
MOF-303,32.0,60,0.42,22,0.16,85,20,0.88,0.72,0.52,1250,0.3245300392664826
MOF-303,35.0,15,0.42,22,0.16,85,20,0.88,0.72,0.52,1250,0.38250361052622533
MOF-303,35.0,25,0.42,22,0.16,85,20,0.88,0.72,0.52,1250,0.35896502715594614
MOF-303,35.0,35,0.42,22,0.16,85,20,0.88,0.72,0.52,1250,0.35931642896721794
MOF-303,35.0,45,0.42,22,0.16,85,20,0.88,0.72,0.52,1250,0.35040824946675436
MOF-303,35.0,60,0.42,22,0.16,85,20,0.88,0.72,0.52,1250,0.31882119931963054
MOF-303,38.0,15,0.42,22,0.16,85,20,0.88,0.72,0.52,1250,0.39805675545556685
MOF-303,38.0,25,0.42,22,0.16,85,20,0.88,0.72,0.52,1250,0.3890636244074314
MOF-303,38.0,35,0.42,22,0.16,85,20,0.88,0.72,0.52,1250,0.38227432968926733
MOF-303,38.0,45,0.42,22,0.16,85,20,0.88,0.72,0.52,1250,0.3759351567691603
MOF-303,38.0,60,0.42,22,0.16,85,20,0.88,0.72,0.52,1250,0.3271732287222651
MOF-303,41.0,15,0.42,22,0.16,85,20,0.88,0.72,0.52,1250,0.4032641715952089
MOF-303,41.0,25,0.42,22,0.16,85,20,0.88,0.72,0.52,1250,0.3952668173520726
MOF-303,41.0,35,0.42,22,0.16,85,20,0.88,0.72,0.52,1250,0.3863206688744222
MOF-303,41.0,45,0.42,22,0.16,85,20,0.88,0.72,0.52,1250,0.3545140532746892
MOF-303,41.0,60,0.42,22,0.16,85,20,0.88,0.72,0.52,1250,0.3377591779546268
MOF-303,44.0,15,0.42,22,0.16,85,20,0.88,0.72,0.52,1250,0.4055712800371992
MOF-303,44.0,25,0.42,22,0.16,85,20,0.88,0.72,0.52,1250,0.41871079817605805
MOF-303,44.0,35,0.42,22,0.16,85,20,0.88,0.72,0.52,1250,0.4053512705318686
MOF-303,44.0,45,0.42,22,0.16,85,20,0.88,0.72,0.52,1250,0.35940924766417387
MOF-303,44.0,60,0.42,22,0.16,85,20,0.88,0.72,0.52,1250,0.3412803348794891
MOF-303,47.0,15,0.42,22,0.16,85,20,0.88,0.72,0.52,1250,0.42
MOF-303,47.0,25,0.42,22,0.16,85,20,0.88,0.72,0.52,1250,0.3885367544058276
MOF-303,47.0,35,0.42,22,0.16,85,20,0.88,0.72,0.52,1250,0.39038992176385623
MOF-303,47.0,45,0.42,22,0.16,85,20,0.88,0.72,0.52,1250,0.37828268536260673
MOF-303,47.0,60,0.42,22,0.16,85,20,0.88,0.72,0.52,1250,0.3697875606891343
MOF-303,50.0,15,0.42,22,0.16,85,20,0.88,0.72,0.52,1250,0.42
MOF-303,50.0,25,0.42,22,0.16,85,20,0.88,0.72,0.52,1250,0.41136674830215963
MOF-303,50.0,35,0.42,22,0.16,85,20,0.88,0.72,0.52,1250,0.3942586662418334
MOF-303,50.0,45,0.42,22,0.16,85,20,0.88,0.72,0.52,1250,0.37906749979102483
MOF-303,50.0,60,0.42,22,0.16,85,20,0.88,0.72,0.52,1250,0.3754345988420243
MOF-303,53.0,15,0.42,22,0.16,85,20,0.88,0.72,0.52,1250,0.4119387832344655
MOF-303,53.0,25,0.42,22,0.16,85,20,0.88,0.72,0.52,1250,0.4134309178849631
MOF-303,53.0,35,0.42,22,0.16,85,20,0.88,0.72,0.52,1250,0.40462314805094945
MOF-303,53.0,45,0.42,22,0.16,85,20,0.88,0.72,0.52,1250,0.38225983060067525
MOF-303,53.0,60,0.42,22,0.16,85,20,0.88,0.72,0.52,1250,0.3563171602534036
MOF-303,56.0,15,0.42,22,0.16,85,20,0.88,0.72,0.52,1250,0.4048164862038243
MOF-303,56.0,25,0.42,22,0.16,85,20,0.88,0.72,0.52,1250,0.4180470343051744
MOF-303,56.0,35,0.42,22,0.16,85,20,0.88,0.72,0.52,1250,0.3961349055690785
MOF-303,56.0,45,0.42,22,0.16,85,20,0.88,0.72,0.52,1250,0.3987240018821887
MOF-303,56.0,60,0.42,22,0.16,85,20,0.88,0.72,0.52,1250,0.36747641308502177
MOF-303,59.0,15,0.42,22,0.16,85,20,0.88,0.72,0.52,1250,0.4185855127856713
MOF-303,59.0,25,0.42,22,0.16,85,20,0.88,0.72,0.52,1250,0.42
MOF-303,59.0,35,0.42,22,0.16,85,20,0.88,0.72,0.52,1250,0.39804179207556106
MOF-303,59.0,45,0.42,22,0.16,85,20,0.88,0.72,0.52,1250,0.39799073355157066
MOF-303,59.0,60,0.42,22,0.16,85,20,0.88,0.72,0.52,1250,0.3601679083538803
MOF-303,62.0,15,0.42,22,0.16,85,20,0.88,0.72,0.52,1250,0.42
MOF-303,62.0,25,0.42,22,0.16,85,20,0.88,0.72,0.52,1250,0.4038125846024449
MOF-303,62.0,35,0.42,22,0.16,85,20,0.88,0.72,0.52,1250,0.4066913319910148
MOF-303,62.0,45,0.42,22,0.16,85,20,0.88,0.72,0.52,1250,0.3655005898542221
MOF-303,62.0,60,0.42,22,0.16,85,20,0.88,0.72,0.52,1250,0.3361768937105618
MOF-303,65.0,15,0.42,22,0.16,85,20,0.88,0.72,0.52,1250,0.4159149004861639
MOF-303,65.0,25,0.42,22,0.16,85,20,0.88,0.72,0.52,1250,0.40876949172751803
MOF-303,65.0,35,0.42,22,0.16,85,20,0.88,0.72,0.52,1250,0.4047545116464998
MOF-303,65.0,45,0.42,22,0.16,85,20,0.88,0.72,0.52,1250,0.41294021269503767
MOF-303,65.0,60,0.42,22,0.16,85,20,0.88,0.72,0.52,1250,0.35084833761913803
MOF-303,68.0,15,0.42,22,0.16,85,20,0.88,0.72,0.52,1250,0.41224564349594717
MOF-303,68.0,25,0.42,22,0.16,85,20,0.88,0.72,0.52,1250,0.42
MOF-303,68.0,35,0.42,22,0.16,85,20,0.88,0.72,0.52,1250,0.4088598073688913
MOF-303,68.0,45,0.42,22,0.16,85,20,0.88,0.72,0.52,1250,0.384037456419743
MOF-303,68.0,60,0.42,22,0.16,85,20,0.88,0.72,0.52,1250,0.35849918725557706
MOF-303,71.0,15,0.42,22,0.16,85,20,0.88,0.72,0.52,1250,0.42
MOF-303,71.0,25,0.42,22,0.16,85,20,0.88,0.72,0.52,1250,0.42
MOF-303,71.0,35,0.42,22,0.16,85,20,0.88,0.72,0.52,1250,0.3906372251193808
MOF-303,71.0,45,0.42,22,0.16,85,20,0.88,0.72,0.52,1250,0.38529777031819734
MOF-303,71.0,60,0.42,22,0.16,85,20,0.88,0.72,0.52,1250,0.36148130488150854
MOF-303,74.0,15,0.42,22,0.16,85,20,0.88,0.72,0.52,1250,0.4072438991887234
MOF-303,74.0,25,0.42,22,0.16,85,20,0.88,0.72,0.52,1250,0.42
MOF-303,74.0,35,0.42,22,0.16,85,20,0.88,0.72,0.52,1250,0.39280632834106166
MOF-303,74.0,45,0.42,22,0.16,85,20,0.88,0.72,0.52,1250,0.3979706979760522
MOF-303,74.0,60,0.42,22,0.16,85,20,0.88,0.72,0.52,1250,0.3634249855531098
MOF-303,77.0,15,0.42,22,0.16,85,20,0.88,0.72,0.52,1250,0.42
MOF-303,77.0,25,0.42,22,0.16,85,20,0.88,0.72,0.52,1250,0.41284436141533964
MOF-303,77.0,35,0.42,22,0.16,85,20,0.88,0.72,0.52,1250,0.401715915697098
MOF-303,77.0,45,0.42,22,0.16,85,20,0.88,0.72,0.52,1250,0.3623688100027611
MOF-303,77.0,60,0.42,22,0.16,85,20,0.88,0.72,0.52,1250,0.34756867377239214
MOF-303,80.0,15,0.42,22,0.16,85,20,0.88,0.72,0.52,1250,0.42
MOF-303,80.0,25,0.42,22,0.16,85,20,0.88,0.72,0.52,1250,0.39441802527972925
MOF-303,80.0,35,0.42,22,0.16,85,20,0.88,0.72,0.52,1250,0.4133216988481051
MOF-303,80.0,45,0.42,22,0.16,85,20,0.88,0.72,0.52,1250,0.3654108056945805
MOF-303,80.0,60,0.42,22,0.16,85,20,0.88,0.72,0.52,1250,0.3702471756441429
MOF-303,83.0,15,0.42,22,0.16,85,20,0.88,0.72,0.52,1250,0.40982979686308113
MOF-303,83.0,25,0.42,22,0.16,85,20,0.88,0.72,0.52,1250,0.42
MOF-303,83.0,35,0.42,22,0.16,85,20,0.88,0.72,0.52,1250,0.4047481452983453
MOF-303,83.0,45,0.42,22,0.16,85,20,0.88,0.72,0.52,1250,0.36793568107352453
MOF-303,83.0,60,0.42,22,0.16,85,20,0.88,0.72,0.52,1250,0.37616893967626586
MOF-303,86.0,15,0.42,22,0.16,85,20,0.88,0.72,0.52,1250,0.42
MOF-303,86.0,25,0.42,22,0.16,85,20,0.88,0.72,0.52,1250,0.4191953422668001
MOF-303,86.0,35,0.42,22,0.16,85,20,0.88,0.72,0.52,1250,0.3998986058271826
MOF-303,86.0,45,0.42,22,0.16,85,20,0.88,0.72,0.52,1250,0.3844677974560508
MOF-303,86.0,60,0.42,22,0.16,85,20,0.88,0.72,0.52,1250,0.3494852731060253
MOF-303,89.0,15,0.42,22,0.16,85,20,0.88,0.72,0.52,1250,0.42
MOF-303,89.0,25,0.42,22,0.16,85,20,0.88,0.72,0.52,1250,0.41347601564668035
MOF-303,89.0,35,0.42,22,0.16,85,20,0.88,0.72,0.52,1250,0.4025768051220448
MOF-303,89.0,45,0.42,22,0.16,85,20,0.88,0.72,0.52,1250,0.37687190448281066
MOF-303,89.0,60,0.42,22,0.16,85,20,0.88,0.72,0.52,1250,0.3536791409949583
MOF-303,92.0,15,0.42,22,0.16,85,20,0.88,0.72,0.52,1250,0.4046615550963704
MOF-303,92.0,25,0.42,22,0.16,85,20,0.88,0.72,0.52,1250,0.42
MOF-303,92.0,35,0.42,22,0.16,85,20,0.88,0.72,0.52,1250,0.4013454357610649
MOF-303,92.0,45,0.42,22,0.16,85,20,0.88,0.72,0.52,1250,0.39798577578763544
MOF-303,92.0,60,0.42,22,0.16,85,20,0.88,0.72,0.52,1250,0.36135495611087776
MOF-303,95.0,15,0.42,22,0.16,85,20,0.88,0.72,0.52,1250,0.4116636039241577
MOF-303,95.0,25,0.42,22,0.16,85,20,0.88,0.72,0.52,1250,0.4160762231365654
MOF-303,95.0,35,0.42,22,0.16,85,20,0.88,0.72,0.52,1250,0.3964738158002939
MOF-303,95.0,45,0.42,22,0.16,85,20,0.88,0.72,0.52,1250,0.386492239746284
MOF-303,95.0,60,0.42,22,0.16,85,20,0.88,0.72,0.52,1250,0.356693741704546
MOF-801,5.0,15,0.28,25,0.13,65,90,0.86,0.55,0.48,990,0.015759697104835532
MOF-801,5.0,25,0.28,25,0.13,65,90,0.86,0.55,0.48,990,0.0028158614865061472
MOF-801,5.0,35,0.28,25,0.13,65,90,0.86,0.55,0.48,990,0.008902256256838178
MOF-801,5.0,45,0.28,25,0.13,65,90,0.86,0.55,0.48,990,0.037658747666051304
MOF-801,5.0,60,0.28,25,0.13,65,90,0.86,0.55,0.48,990,0.008593733023657308
MOF-801,8.0,15,0.28,25,0.13,65,90,0.86,0.55,0.48,990,0.015030575038405514
MOF-801,8.0,25,0.28,25,0.13,65,90,0.86,0.55,0.48,990,0.0317276164807878
MOF-801,8.0,35,0.28,25,0.13,65,90,0.86,0.55,0.48,990,0.043459778864970315
MOF-801,8.0,45,0.28,25,0.13,65,90,0.86,0.55,0.48,990,0.008017032820921935
MOF-801,8.0,60,0.28,25,0.13,65,90,0.86,0.55,0.48,990,0.02130228024228794
MOF-801,11.0,15,0.28,25,0.13,65,90,0.86,0.55,0.48,990,0.03145685378204313
MOF-801,11.0,25,0.28,25,0.13,65,90,0.86,0.55,0.48,990,0.01790925073733319
MOF-801,11.0,35,0.28,25,0.13,65,90,0.86,0.55,0.48,990,0.04629894556319224
MOF-801,11.0,45,0.28,25,0.13,65,90,0.86,0.55,0.48,990,0.03563683865226293
MOF-801,11.0,60,0.28,25,0.13,65,90,0.86,0.55,0.48,990,0.034432978740676606
MOF-801,14.0,15,0.28,25,0.13,65,90,0.86,0.55,0.48,990,0.045039893915953526
MOF-801,14.0,25,0.28,25,0.13,65,90,0.86,0.55,0.48,990,0.0595250415412636
MOF-801,14.0,35,0.28,25,0.13,65,90,0.86,0.55,0.48,990,0.04543335812804072
MOF-801,14.0,45,0.28,25,0.13,65,90,0.86,0.55,0.48,990,0.048027382556515424
MOF-801,14.0,60,0.28,25,0.13,65,90,0.86,0.55,0.48,990,0.03319903365718036
MOF-801,17.0,15,0.28,25,0.13,65,90,0.86,0.55,0.48,990,0.05852876517391194
MOF-801,17.0,25,0.28,25,0.13,65,90,0.86,0.55,0.48,990,0.08914838056001055
MOF-801,17.0,35,0.28,25,0.13,65,90,0.86,0.55,0.48,990,0.06411186191009216
MOF-801,17.0,45,0.28,25,0.13,65,90,0.86,0.55,0.48,990,0.07077240270896708
MOF-801,17.0,60,0.28,25,0.13,65,90,0.86,0.55,0.48,990,0.062479433317704364
MOF-801,20.0,15,0.28,25,0.13,65,90,0.86,0.55,0.48,990,0.09074332801827414
MOF-801,20.0,25,0.28,25,0.13,65,90,0.86,0.55,0.48,990,0.08994153880737371
MOF-801,20.0,35,0.28,25,0.13,65,90,0.86,0.55,0.48,990,0.09975657873071056
MOF-801,20.0,45,0.28,25,0.13,65,90,0.86,0.55,0.48,990,0.08473169356089981
MOF-801,20.0,60,0.28,25,0.13,65,90,0.86,0.55,0.48,990,0.08077455681016599
MOF-801,23.0,15,0.28,25,0.13,65,90,0.86,0.55,0.48,990,0.12216849698148559
MOF-801,23.0,25,0.28,25,0.13,65,90,0.86,0.55,0.48,990,0.13601993813817584
MOF-801,23.0,35,0.28,25,0.13,65,90,0.86,0.55,0.48,990,0.1251918964589434
MOF-801,23.0,45,0.28,25,0.13,65,90,0.86,0.55,0.48,990,0.1167408944442756
MOF-801,23.0,60,0.28,25,0.13,65,90,0.86,0.55,0.48,990,0.09807272421359169
MOF-801,26.0,15,0.28,25,0.13,65,90,0.86,0.55,0.48,990,0.13250358114837169
MOF-801,26.0,25,0.28,25,0.13,65,90,0.86,0.55,0.48,990,0.1604815649692729
MOF-801,26.0,35,0.28,25,0.13,65,90,0.86,0.55,0.48,990,0.15472108316756183
MOF-801,26.0,45,0.28,25,0.13,65,90,0.86,0.55,0.48,990,0.13547172853589326
MOF-801,26.0,60,0.28,25,0.13,65,90,0.86,0.55,0.48,990,0.1347176030773086
MOF-801,29.0,15,0.28,25,0.13,65,90,0.86,0.55,0.48,990,0.18497869121431965
MOF-801,29.0,25,0.28,25,0.13,65,90,0.86,0.55,0.48,990,0.18557558799967455
MOF-801,29.0,35,0.28,25,0.13,65,90,0.86,0.55,0.48,990,0.17963392126394462
MOF-801,29.0,45,0.28,25,0.13,65,90,0.86,0.55,0.48,990,0.15608585279434561
MOF-801,29.0,60,0.28,25,0.13,65,90,0.86,0.55,0.48,990,0.16919685792019412
MOF-801,32.0,15,0.28,25,0.13,65,90,0.86,0.55,0.48,990,0.18468092887121038
MOF-801,32.0,25,0.28,25,0.13,65,90,0.86,0.55,0.48,990,0.20998072249456268
MOF-801,32.0,35,0.28,25,0.13,65,90,0.86,0.55,0.48,990,0.19758162869618243
MOF-801,32.0,45,0.28,25,0.13,65,90,0.86,0.55,0.48,990,0.1941522712872818
MOF-801,32.0,60,0.28,25,0.13,65,90,0.86,0.55,0.48,990,0.1942385388759103
MOF-801,35.0,15,0.28,25,0.13,65,90,0.86,0.55,0.48,990,0.23784714093246023
MOF-801,35.0,25,0.28,25,0.13,65,90,0.86,0.55,0.48,990,0.20629167236564452
MOF-801,35.0,35,0.28,25,0.13,65,90,0.86,0.55,0.48,990,0.1909683844786255
MOF-801,35.0,45,0.28,25,0.13,65,90,0.86,0.55,0.48,990,0.2122337603404087
MOF-801,35.0,60,0.28,25,0.13,65,90,0.86,0.55,0.48,990,0.17704891492613706
MOF-801,38.0,15,0.28,25,0.13,65,90,0.86,0.55,0.48,990,0.2362339001015806
MOF-801,38.0,25,0.28,25,0.13,65,90,0.86,0.55,0.48,990,0.24645949448941307
MOF-801,38.0,35,0.28,25,0.13,65,90,0.86,0.55,0.48,990,0.20720188596050967
MOF-801,38.0,45,0.28,25,0.13,65,90,0.86,0.55,0.48,990,0.19215237813240896
MOF-801,38.0,60,0.28,25,0.13,65,90,0.86,0.55,0.48,990,0.20640076594224838
MOF-801,41.0,15,0.28,25,0.13,65,90,0.86,0.55,0.48,990,0.24943695999616544
MOF-801,41.0,25,0.28,25,0.13,65,90,0.86,0.55,0.48,990,0.24595469246422283
MOF-801,41.0,35,0.28,25,0.13,65,90,0.86,0.55,0.48,990,0.23941057331321627
MOF-801,41.0,45,0.28,25,0.13,65,90,0.86,0.55,0.48,990,0.21866579568673405
MOF-801,41.0,60,0.28,25,0.13,65,90,0.86,0.55,0.48,990,0.19589579032862778
MOF-801,44.0,15,0.28,25,0.13,65,90,0.86,0.55,0.48,990,0.25616343595321356
MOF-801,44.0,25,0.28,25,0.13,65,90,0.86,0.55,0.48,990,0.24650278987118474
MOF-801,44.0,35,0.28,25,0.13,65,90,0.86,0.55,0.48,990,0.22811498652829304
MOF-801,44.0,45,0.28,25,0.13,65,90,0.86,0.55,0.48,990,0.24357840348739457
MOF-801,44.0,60,0.28,25,0.13,65,90,0.86,0.55,0.48,990,0.2212836494397825
MOF-801,47.0,15,0.28,25,0.13,65,90,0.86,0.55,0.48,990,0.2697116663048477
MOF-801,47.0,25,0.28,25,0.13,65,90,0.86,0.55,0.48,990,0.25296178456814267
MOF-801,47.0,35,0.28,25,0.13,65,90,0.86,0.55,0.48,990,0.24634328540860387
MOF-801,47.0,45,0.28,25,0.13,65,90,0.86,0.55,0.48,990,0.23165814162939163
MOF-801,47.0,60,0.28,25,0.13,65,90,0.86,0.55,0.48,990,0.2171169561194218
MOF-801,50.0,15,0.28,25,0.13,65,90,0.86,0.55,0.48,990,0.27189336655663665
MOF-801,50.0,25,0.28,25,0.13,65,90,0.86,0.55,0.48,990,0.26015277614762444
MOF-801,50.0,35,0.28,25,0.13,65,90,0.86,0.55,0.48,990,0.26303932814774134
MOF-801,50.0,45,0.28,25,0.13,65,90,0.86,0.55,0.48,990,0.2520616649251709
MOF-801,50.0,60,0.28,25,0.13,65,90,0.86,0.55,0.48,990,0.2561136173700949
MOF-801,53.0,15,0.28,25,0.13,65,90,0.86,0.55,0.48,990,0.25612391072223617
MOF-801,53.0,25,0.28,25,0.13,65,90,0.86,0.55,0.48,990,0.28
MOF-801,53.0,35,0.28,25,0.13,65,90,0.86,0.55,0.48,990,0.26085002855907136
MOF-801,53.0,45,0.28,25,0.13,65,90,0.86,0.55,0.48,990,0.25084203216925494
MOF-801,53.0,60,0.28,25,0.13,65,90,0.86,0.55,0.48,990,0.21724178031158928
MOF-801,56.0,15,0.28,25,0.13,65,90,0.86,0.55,0.48,990,0.26958777651599547
MOF-801,56.0,25,0.28,25,0.13,65,90,0.86,0.55,0.48,990,0.28
MOF-801,56.0,35,0.28,25,0.13,65,90,0.86,0.55,0.48,990,0.26311595771373597
MOF-801,56.0,45,0.28,25,0.13,65,90,0.86,0.55,0.48,990,0.25407394653213117
MOF-801,56.0,60,0.28,25,0.13,65,90,0.86,0.55,0.48,990,0.23310608778386802
MOF-801,59.0,15,0.28,25,0.13,65,90,0.86,0.55,0.48,990,0.28
MOF-801,59.0,25,0.28,25,0.13,65,90,0.86,0.55,0.48,990,0.2764128123350497
MOF-801,59.0,35,0.28,25,0.13,65,90,0.86,0.55,0.48,990,0.239198675744204
MOF-801,59.0,45,0.28,25,0.13,65,90,0.86,0.55,0.48,990,0.24623197388271204
MOF-801,59.0,60,0.28,25,0.13,65,90,0.86,0.55,0.48,990,0.2143110562150687
MOF-801,62.0,15,0.28,25,0.13,65,90,0.86,0.55,0.48,990,0.23871977659895047
MOF-801,62.0,25,0.28,25,0.13,65,90,0.86,0.55,0.48,990,0.2713756533876412
MOF-801,62.0,35,0.28,25,0.13,65,90,0.86,0.55,0.48,990,0.28
MOF-801,62.0,45,0.28,25,0.13,65,90,0.86,0.55,0.48,990,0.25608351345168334
MOF-801,62.0,60,0.28,25,0.13,65,90,0.86,0.55,0.48,990,0.22478330383416192
MOF-801,65.0,15,0.28,25,0.13,65,90,0.86,0.55,0.48,990,0.26717543788972486
MOF-801,65.0,25,0.28,25,0.13,65,90,0.86,0.55,0.48,990,0.28
MOF-801,65.0,35,0.28,25,0.13,65,90,0.86,0.55,0.48,990,0.26921680233660933
MOF-801,65.0,45,0.28,25,0.13,65,90,0.86,0.55,0.48,990,0.2567627203022463
MOF-801,65.0,60,0.28,25,0.13,65,90,0.86,0.55,0.48,990,0.23883735775895568
MOF-801,68.0,15,0.28,25,0.13,65,90,0.86,0.55,0.48,990,0.279418886922651
MOF-801,68.0,25,0.28,25,0.13,65,90,0.86,0.55,0.48,990,0.28
MOF-801,68.0,35,0.28,25,0.13,65,90,0.86,0.55,0.48,990,0.27443056800090027
MOF-801,68.0,45,0.28,25,0.13,65,90,0.86,0.55,0.48,990,0.25922989348156183
MOF-801,68.0,60,0.28,25,0.13,65,90,0.86,0.55,0.48,990,0.22738953176314855
MOF-801,71.0,15,0.28,25,0.13,65,90,0.86,0.55,0.48,990,0.28
MOF-801,71.0,25,0.28,25,0.13,65,90,0.86,0.55,0.48,990,0.27108274977507457
MOF-801,71.0,35,0.28,25,0.13,65,90,0.86,0.55,0.48,990,0.28
MOF-801,71.0,45,0.28,25,0.13,65,90,0.86,0.55,0.48,990,0.24169760767341628
MOF-801,71.0,60,0.28,25,0.13,65,90,0.86,0.55,0.48,990,0.23854114293613962
MOF-801,74.0,15,0.28,25,0.13,65,90,0.86,0.55,0.48,990,0.279433115395359
MOF-801,74.0,25,0.28,25,0.13,65,90,0.86,0.55,0.48,990,0.2636256682231246
MOF-801,74.0,35,0.28,25,0.13,65,90,0.86,0.55,0.48,990,0.28
MOF-801,74.0,45,0.28,25,0.13,65,90,0.86,0.55,0.48,990,0.27468458285150055
MOF-801,74.0,60,0.28,25,0.13,65,90,0.86,0.55,0.48,990,0.23482541161522566
MOF-801,77.0,15,0.28,25,0.13,65,90,0.86,0.55,0.48,990,0.28
MOF-801,77.0,25,0.28,25,0.13,65,90,0.86,0.55,0.48,990,0.28
MOF-801,77.0,35,0.28,25,0.13,65,90,0.86,0.55,0.48,990,0.23712604643640345
MOF-801,77.0,45,0.28,25,0.13,65,90,0.86,0.55,0.48,990,0.26030650452535486
MOF-801,77.0,60,0.28,25,0.13,65,90,0.86,0.55,0.48,990,0.23978505187224064
MOF-801,80.0,15,0.28,25,0.13,65,90,0.86,0.55,0.48,990,0.28
MOF-801,80.0,25,0.28,25,0.13,65,90,0.86,0.55,0.48,990,0.2668579113672924
MOF-801,80.0,35,0.28,25,0.13,65,90,0.86,0.55,0.48,990,0.26535702943436495
MOF-801,80.0,45,0.28,25,0.13,65,90,0.86,0.55,0.48,990,0.2552588724122135
MOF-801,80.0,60,0.28,25,0.13,65,90,0.86,0.55,0.48,990,0.25486828355503577
MOF-801,83.0,15,0.28,25,0.13,65,90,0.86,0.55,0.48,990,0.28
MOF-801,83.0,25,0.28,25,0.13,65,90,0.86,0.55,0.48,990,0.27978462732883175
MOF-801,83.0,35,0.28,25,0.13,65,90,0.86,0.55,0.48,990,0.28
MOF-801,83.0,45,0.28,25,0.13,65,90,0.86,0.55,0.48,990,0.2508002095187989
MOF-801,83.0,60,0.28,25,0.13,65,90,0.86,0.55,0.48,990,0.23599894375598218
MOF-801,86.0,15,0.28,25,0.13,65,90,0.86,0.55,0.48,990,0.2580982359002286
MOF-801,86.0,25,0.28,25,0.13,65,90,0.86,0.55,0.48,990,0.28
MOF-801,86.0,35,0.28,25,0.13,65,90,0.86,0.55,0.48,990,0.28
MOF-801,86.0,45,0.28,25,0.13,65,90,0.86,0.55,0.48,990,0.26850952888753404
MOF-801,86.0,60,0.28,25,0.13,65,90,0.86,0.55,0.48,990,0.24874017594857895
MOF-801,89.0,15,0.28,25,0.13,65,90,0.86,0.55,0.48,990,0.28
MOF-801,89.0,25,0.28,25,0.13,65,90,0.86,0.55,0.48,990,0.28
MOF-801,89.0,35,0.28,25,0.13,65,90,0.86,0.55,0.48,990,0.26571045829491247
MOF-801,89.0,45,0.28,25,0.13,65,90,0.86,0.55,0.48,990,0.2550940598786898
MOF-801,89.0,60,0.28,25,0.13,65,90,0.86,0.55,0.48,990,0.24139299974179698
MOF-801,92.0,15,0.28,25,0.13,65,90,0.86,0.55,0.48,990,0.28
MOF-801,92.0,25,0.28,25,0.13,65,90,0.86,0.55,0.48,990,0.28
MOF-801,92.0,35,0.28,25,0.13,65,90,0.86,0.55,0.48,990,0.2680541530866028
MOF-801,92.0,45,0.28,25,0.13,65,90,0.86,0.55,0.48,990,0.25060481688223385
MOF-801,92.0,60,0.28,25,0.13,65,90,0.86,0.55,0.48,990,0.23314030997638285
MOF-801,95.0,15,0.28,25,0.13,65,90,0.86,0.55,0.48,990,0.28
MOF-801,95.0,25,0.28,25,0.13,65,90,0.86,0.55,0.48,990,0.28
MOF-801,95.0,35,0.28,25,0.13,65,90,0.86,0.55,0.48,990,0.2695805942817667
MOF-801,95.0,45,0.28,25,0.13,65,90,0.86,0.55,0.48,990,0.2534170559936212
MOF-801,95.0,60,0.28,25,0.13,65,90,0.86,0.55,0.48,990,0.22746447293517014
MIL-160,5.0,15,0.34,32,0.11,75,60,0.82,0.75,0.43,1050,0.015789567129953243
MIL-160,5.0,25,0.34,32,0.11,75,60,0.82,0.75,0.43,1050,0.027075802233234407
MIL-160,5.0,35,0.34,32,0.11,75,60,0.82,0.75,0.43,1050,0.011217782624758435
MIL-160,5.0,45,0.34,32,0.11,75,60,0.82,0.75,0.43,1050,0.012537642358017916
MIL-160,5.0,60,0.34,32,0.11,75,60,0.82,0.75,0.43,1050,0.011616626787581377
MIL-160,8.0,15,0.34,32,0.11,75,60,0.82,0.75,0.43,1050,0.02396186451150885
MIL-160,8.0,25,0.34,32,0.11,75,60,0.82,0.75,0.43,1050,0.0035306015505835175
MIL-160,8.0,35,0.34,32,0.11,75,60,0.82,0.75,0.43,1050,0.018916082588128498
MIL-160,8.0,45,0.34,32,0.11,75,60,0.82,0.75,0.43,1050,0.010582247310039504
MIL-160,8.0,60,0.34,32,0.11,75,60,0.82,0.75,0.43,1050,0.030091209992907774
MIL-160,11.0,15,0.34,32,0.11,75,60,0.82,0.75,0.43,1050,0.021454185080214433
MIL-160,11.0,25,0.34,32,0.11,75,60,0.82,0.75,0.43,1050,0.037625930166601096
MIL-160,11.0,35,0.34,32,0.11,75,60,0.82,0.75,0.43,1050,0.047766563863754156
MIL-160,11.0,45,0.34,32,0.11,75,60,0.82,0.75,0.43,1050,0.024482104527693824
MIL-160,11.0,60,0.34,32,0.11,75,60,0.82,0.75,0.43,1050,0.019184262485652172
MIL-160,14.0,15,0.34,32,0.11,75,60,0.82,0.75,0.43,1050,0.04354559199270365
MIL-160,14.0,25,0.34,32,0.11,75,60,0.82,0.75,0.43,1050,0.041224056551882195
MIL-160,14.0,35,0.34,32,0.11,75,60,0.82,0.75,0.43,1050,0.027675072519786383
MIL-160,14.0,45,0.34,32,0.11,75,60,0.82,0.75,0.43,1050,0.043479565481095855
MIL-160,14.0,60,0.34,32,0.11,75,60,0.82,0.75,0.43,1050,0.059659820841248754
MIL-160,17.0,15,0.34,32,0.11,75,60,0.82,0.75,0.43,1050,0.0516796989128503
MIL-160,17.0,25,0.34,32,0.11,75,60,0.82,0.75,0.43,1050,0.05234252850326303
MIL-160,17.0,35,0.34,32,0.11,75,60,0.82,0.75,0.43,1050,0.0400467768589684
MIL-160,17.0,45,0.34,32,0.11,75,60,0.82,0.75,0.43,1050,0.054223940847794444
MIL-160,17.0,60,0.34,32,0.11,75,60,0.82,0.75,0.43,1050,0.032144542159701986
MIL-160,20.0,15,0.34,32,0.11,75,60,0.82,0.75,0.43,1050,0.058395047490216234
MIL-160,20.0,25,0.34,32,0.11,75,60,0.82,0.75,0.43,1050,0.08703422704455951
MIL-160,20.0,35,0.34,32,0.11,75,60,0.82,0.75,0.43,1050,0.05794565427840095
MIL-160,20.0,45,0.34,32,0.11,75,60,0.82,0.75,0.43,1050,0.07892025303181538
MIL-160,20.0,60,0.34,32,0.11,75,60,0.82,0.75,0.43,1050,0.07993556505828696
MIL-160,23.0,15,0.34,32,0.11,75,60,0.82,0.75,0.43,1050,0.09522202389095671
MIL-160,23.0,25,0.34,32,0.11,75,60,0.82,0.75,0.43,1050,0.09875080323544569
MIL-160,23.0,35,0.34,32,0.11,75,60,0.82,0.75,0.43,1050,0.11185271346942771
MIL-160,23.0,45,0.34,32,0.11,75,60,0.82,0.75,0.43,1050,0.08238055706434835
MIL-160,23.0,60,0.34,32,0.11,75,60,0.82,0.75,0.43,1050,0.0720986219417634
MIL-160,26.0,15,0.34,32,0.11,75,60,0.82,0.75,0.43,1050,0.09961269514913366
MIL-160,26.0,25,0.34,32,0.11,75,60,0.82,0.75,0.43,1050,0.11635195289068512
MIL-160,26.0,35,0.34,32,0.11,75,60,0.82,0.75,0.43,1050,0.12896713974048749
MIL-160,26.0,45,0.34,32,0.11,75,60,0.82,0.75,0.43,1050,0.11809849506921703
MIL-160,26.0,60,0.34,32,0.11,75,60,0.82,0.75,0.43,1050,0.08832716751979941
MIL-160,29.0,15,0.34,32,0.11,75,60,0.82,0.75,0.43,1050,0.13193730726778455
MIL-160,29.0,25,0.34,32,0.11,75,60,0.82,0.75,0.43,1050,0.13615175712168415
MIL-160,29.0,35,0.34,32,0.11,75,60,0.82,0.75,0.43,1050,0.14002095638876877
MIL-160,29.0,45,0.34,32,0.11,75,60,0.82,0.75,0.43,1050,0.12836192979862945
MIL-160,29.0,60,0.34,32,0.11,75,60,0.82,0.75,0.43,1050,0.12486700555676408
MIL-160,32.0,15,0.34,32,0.11,75,60,0.82,0.75,0.43,1050,0.17356087253654537
MIL-160,32.0,25,0.34,32,0.11,75,60,0.82,0.75,0.43,1050,0.16641471695985866
MIL-160,32.0,35,0.34,32,0.11,75,60,0.82,0.75,0.43,1050,0.1627179127007647
MIL-160,32.0,45,0.34,32,0.11,75,60,0.82,0.75,0.43,1050,0.15887910852659243
MIL-160,32.0,60,0.34,32,0.11,75,60,0.82,0.75,0.43,1050,0.14519236355760187
MIL-160,35.0,15,0.34,32,0.11,75,60,0.82,0.75,0.43,1050,0.20384043850615297
MIL-160,35.0,25,0.34,32,0.11,75,60,0.82,0.75,0.43,1050,0.2202486974061604
MIL-160,35.0,35,0.34,32,0.11,75,60,0.82,0.75,0.43,1050,0.19698992801842533
MIL-160,35.0,45,0.34,32,0.11,75,60,0.82,0.75,0.43,1050,0.18264405963302902
MIL-160,35.0,60,0.34,32,0.11,75,60,0.82,0.75,0.43,1050,0.14987301830820995
MIL-160,38.0,15,0.34,32,0.11,75,60,0.82,0.75,0.43,1050,0.22880401710565348
MIL-160,38.0,25,0.34,32,0.11,75,60,0.82,0.75,0.43,1050,0.2007883911322646
MIL-160,38.0,35,0.34,32,0.11,75,60,0.82,0.75,0.43,1050,0.19827418175665876
MIL-160,38.0,45,0.34,32,0.11,75,60,0.82,0.75,0.43,1050,0.21647232053721857
MIL-160,38.0,60,0.34,32,0.11,75,60,0.82,0.75,0.43,1050,0.2012425583048251
MIL-160,41.0,15,0.34,32,0.11,75,60,0.82,0.75,0.43,1050,0.2460906256185776
MIL-160,41.0,25,0.34,32,0.11,75,60,0.82,0.75,0.43,1050,0.22736976032493764
MIL-160,41.0,35,0.34,32,0.11,75,60,0.82,0.75,0.43,1050,0.23351811565212346
MIL-160,41.0,45,0.34,32,0.11,75,60,0.82,0.75,0.43,1050,0.21991384229227082
MIL-160,41.0,60,0.34,32,0.11,75,60,0.82,0.75,0.43,1050,0.22082739744849977
MIL-160,44.0,15,0.34,32,0.11,75,60,0.82,0.75,0.43,1050,0.2954145466066964
MIL-160,44.0,25,0.34,32,0.11,75,60,0.82,0.75,0.43,1050,0.2709249460730219
MIL-160,44.0,35,0.34,32,0.11,75,60,0.82,0.75,0.43,1050,0.24823717547247798
MIL-160,44.0,45,0.34,32,0.11,75,60,0.82,0.75,0.43,1050,0.23280941943652214
MIL-160,44.0,60,0.34,32,0.11,75,60,0.82,0.75,0.43,1050,0.23008359961788752
MIL-160,47.0,15,0.34,32,0.11,75,60,0.82,0.75,0.43,1050,0.283101438821798
MIL-160,47.0,25,0.34,32,0.11,75,60,0.82,0.75,0.43,1050,0.2714047272296314
MIL-160,47.0,35,0.34,32,0.11,75,60,0.82,0.75,0.43,1050,0.2752103016865088
MIL-160,47.0,45,0.34,32,0.11,75,60,0.82,0.75,0.43,1050,0.24859415831671386
MIL-160,47.0,60,0.34,32,0.11,75,60,0.82,0.75,0.43,1050,0.2586370304045581
MIL-160,50.0,15,0.34,32,0.11,75,60,0.82,0.75,0.43,1050,0.3115034023862673
MIL-160,50.0,25,0.34,32,0.11,75,60,0.82,0.75,0.43,1050,0.3117686103003665
MIL-160,50.0,35,0.34,32,0.11,75,60,0.82,0.75,0.43,1050,0.2811129256648347
MIL-160,50.0,45,0.34,32,0.11,75,60,0.82,0.75,0.43,1050,0.2810257142672818
MIL-160,50.0,60,0.34,32,0.11,75,60,0.82,0.75,0.43,1050,0.25534153773782386
MIL-160,53.0,15,0.34,32,0.11,75,60,0.82,0.75,0.43,1050,0.3046328860641775
MIL-160,53.0,25,0.34,32,0.11,75,60,0.82,0.75,0.43,1050,0.3052288829153025
MIL-160,53.0,35,0.34,32,0.11,75,60,0.82,0.75,0.43,1050,0.28133010229255717
MIL-160,53.0,45,0.34,32,0.11,75,60,0.82,0.75,0.43,1050,0.26722837598618526
MIL-160,53.0,60,0.34,32,0.11,75,60,0.82,0.75,0.43,1050,0.2755285999793788
MIL-160,56.0,15,0.34,32,0.11,75,60,0.82,0.75,0.43,1050,0.3150584430574349
MIL-160,56.0,25,0.34,32,0.11,75,60,0.82,0.75,0.43,1050,0.31995036611800065
MIL-160,56.0,35,0.34,32,0.11,75,60,0.82,0.75,0.43,1050,0.31667966184973984
MIL-160,56.0,45,0.34,32,0.11,75,60,0.82,0.75,0.43,1050,0.2711674165319188
MIL-160,56.0,60,0.34,32,0.11,75,60,0.82,0.75,0.43,1050,0.26351424951205277
MIL-160,59.0,15,0.34,32,0.11,75,60,0.82,0.75,0.43,1050,0.32551211230198884
MIL-160,59.0,25,0.34,32,0.11,75,60,0.82,0.75,0.43,1050,0.32811323162039485
MIL-160,59.0,35,0.34,32,0.11,75,60,0.82,0.75,0.43,1050,0.3059468770083785
MIL-160,59.0,45,0.34,32,0.11,75,60,0.82,0.75,0.43,1050,0.30988559743834954
MIL-160,59.0,60,0.34,32,0.11,75,60,0.82,0.75,0.43,1050,0.28065570026110653
MIL-160,62.0,15,0.34,32,0.11,75,60,0.82,0.75,0.43,1050,0.3133452099813694
MIL-160,62.0,25,0.34,32,0.11,75,60,0.82,0.75,0.43,1050,0.316736630335416
MIL-160,62.0,35,0.34,32,0.11,75,60,0.82,0.75,0.43,1050,0.324455216547347
MIL-160,62.0,45,0.34,32,0.11,75,60,0.82,0.75,0.43,1050,0.30723930947299216
MIL-160,62.0,60,0.34,32,0.11,75,60,0.82,0.75,0.43,1050,0.259210249388602
MIL-160,65.0,15,0.34,32,0.11,75,60,0.82,0.75,0.43,1050,0.34
MIL-160,65.0,25,0.34,32,0.11,75,60,0.82,0.75,0.43,1050,0.3383937032747409
MIL-160,65.0,35,0.34,32,0.11,75,60,0.82,0.75,0.43,1050,0.3340887995979076
MIL-160,65.0,45,0.34,32,0.11,75,60,0.82,0.75,0.43,1050,0.3001155780165841
MIL-160,65.0,60,0.34,32,0.11,75,60,0.82,0.75,0.43,1050,0.2812984711994003
MIL-160,68.0,15,0.34,32,0.11,75,60,0.82,0.75,0.43,1050,0.32012230159850363
MIL-160,68.0,25,0.34,32,0.11,75,60,0.82,0.75,0.43,1050,0.34
MIL-160,68.0,35,0.34,32,0.11,75,60,0.82,0.75,0.43,1050,0.3181887444460129
MIL-160,68.0,45,0.34,32,0.11,75,60,0.82,0.75,0.43,1050,0.32599900199126125
MIL-160,68.0,60,0.34,32,0.11,75,60,0.82,0.75,0.43,1050,0.2791627070726994
MIL-160,71.0,15,0.34,32,0.11,75,60,0.82,0.75,0.43,1050,0.3373694168283676
MIL-160,71.0,25,0.34,32,0.11,75,60,0.82,0.75,0.43,1050,0.3153470926815294
MIL-160,71.0,35,0.34,32,0.11,75,60,0.82,0.75,0.43,1050,0.3173927838343543
MIL-160,71.0,45,0.34,32,0.11,75,60,0.82,0.75,0.43,1050,0.3203761156195411
MIL-160,71.0,60,0.34,32,0.11,75,60,0.82,0.75,0.43,1050,0.27342593158062456
MIL-160,74.0,15,0.34,32,0.11,75,60,0.82,0.75,0.43,1050,0.34
MIL-160,74.0,25,0.34,32,0.11,75,60,0.82,0.75,0.43,1050,0.34
MIL-160,74.0,35,0.34,32,0.11,75,60,0.82,0.75,0.43,1050,0.3106880132403354
MIL-160,74.0,45,0.34,32,0.11,75,60,0.82,0.75,0.43,1050,0.30372894773553233
MIL-160,74.0,60,0.34,32,0.11,75,60,0.82,0.75,0.43,1050,0.28403836285091627
MIL-160,77.0,15,0.34,32,0.11,75,60,0.82,0.75,0.43,1050,0.3370143483119917
MIL-160,77.0,25,0.34,32,0.11,75,60,0.82,0.75,0.43,1050,0.3311748527759846
MIL-160,77.0,35,0.34,32,0.11,75,60,0.82,0.75,0.43,1050,0.31417678234295515
MIL-160,77.0,45,0.34,32,0.11,75,60,0.82,0.75,0.43,1050,0.3069448415077397
MIL-160,77.0,60,0.34,32,0.11,75,60,0.82,0.75,0.43,1050,0.27802070225257086
MIL-160,80.0,15,0.34,32,0.11,75,60,0.82,0.75,0.43,1050,0.3228030271549046
MIL-160,80.0,25,0.34,32,0.11,75,60,0.82,0.75,0.43,1050,0.3376992282365332
MIL-160,80.0,35,0.34,32,0.11,75,60,0.82,0.75,0.43,1050,0.33534074289221144
MIL-160,80.0,45,0.34,32,0.11,75,60,0.82,0.75,0.43,1050,0.29286269788308344
MIL-160,80.0,60,0.34,32,0.11,75,60,0.82,0.75,0.43,1050,0.29096061540046203
MIL-160,83.0,15,0.34,32,0.11,75,60,0.82,0.75,0.43,1050,0.330960302623321
MIL-160,83.0,25,0.34,32,0.11,75,60,0.82,0.75,0.43,1050,0.3270340317153203
MIL-160,83.0,35,0.34,32,0.11,75,60,0.82,0.75,0.43,1050,0.3354506377150745
MIL-160,83.0,45,0.34,32,0.11,75,60,0.82,0.75,0.43,1050,0.30544095853497366
MIL-160,83.0,60,0.34,32,0.11,75,60,0.82,0.75,0.43,1050,0.30931302838318403
MIL-160,86.0,15,0.34,32,0.11,75,60,0.82,0.75,0.43,1050,0.3297493867429788
MIL-160,86.0,25,0.34,32,0.11,75,60,0.82,0.75,0.43,1050,0.34
MIL-160,86.0,35,0.34,32,0.11,75,60,0.82,0.75,0.43,1050,0.32281576466953965
MIL-160,86.0,45,0.34,32,0.11,75,60,0.82,0.75,0.43,1050,0.30293060067420036
MIL-160,86.0,60,0.34,32,0.11,75,60,0.82,0.75,0.43,1050,0.2986845153478856
MIL-160,89.0,15,0.34,32,0.11,75,60,0.82,0.75,0.43,1050,0.3374980664854644
MIL-160,89.0,25,0.34,32,0.11,75,60,0.82,0.75,0.43,1050,0.34
MIL-160,89.0,35,0.34,32,0.11,75,60,0.82,0.75,0.43,1050,0.3252160449812636
MIL-160,89.0,45,0.34,32,0.11,75,60,0.82,0.75,0.43,1050,0.29917943370975586
MIL-160,89.0,60,0.34,32,0.11,75,60,0.82,0.75,0.43,1050,0.2906229264133645
MIL-160,92.0,15,0.34,32,0.11,75,60,0.82,0.75,0.43,1050,0.34
MIL-160,92.0,25,0.34,32,0.11,75,60,0.82,0.75,0.43,1050,0.34
MIL-160,92.0,35,0.34,32,0.11,75,60,0.82,0.75,0.43,1050,0.3150813510001579
MIL-160,92.0,45,0.34,32,0.11,75,60,0.82,0.75,0.43,1050,0.31190309672029826
MIL-160,92.0,60,0.34,32,0.11,75,60,0.82,0.75,0.43,1050,0.27134022400373414
MIL-160,95.0,15,0.34,32,0.11,75,60,0.82,0.75,0.43,1050,0.34
MIL-160,95.0,25,0.34,32,0.11,75,60,0.82,0.75,0.43,1050,0.32669000889645516
MIL-160,95.0,35,0.34,32,0.11,75,60,0.82,0.75,0.43,1050,0.3044047781554539
MIL-160,95.0,45,0.34,32,0.11,75,60,0.82,0.75,0.43,1050,0.31178377821347464
MIL-160,95.0,60,0.34,32,0.11,75,60,0.82,0.75,0.43,1050,0.3053825314531971
CAU-10-H,5.0,15,0.3,35,0.1,80,75,0.78,0.73,0.39,900,0.0
CAU-10-H,5.0,25,0.3,35,0.1,80,75,0.78,0.73,0.39,900,0.001171334928608908
CAU-10-H,5.0,35,0.3,35,0.1,80,75,0.78,0.73,0.39,900,0.004739352782499857
CAU-10-H,5.0,45,0.3,35,0.1,80,75,0.78,0.73,0.39,900,0.0
CAU-10-H,5.0,60,0.3,35,0.1,80,75,0.78,0.73,0.39,900,0.016789009939827244
CAU-10-H,8.0,15,0.3,35,0.1,80,75,0.78,0.73,0.39,900,0.009203597476565115
CAU-10-H,8.0,25,0.3,35,0.1,80,75,0.78,0.73,0.39,900,0.010233829979576517
CAU-10-H,8.0,35,0.3,35,0.1,80,75,0.78,0.73,0.39,900,0.02513599132860272
CAU-10-H,8.0,45,0.3,35,0.1,80,75,0.78,0.73,0.39,900,0.008314470700106819
CAU-10-H,8.0,60,0.3,35,0.1,80,75,0.78,0.73,0.39,900,0.02144048703607376
CAU-10-H,11.0,15,0.3,35,0.1,80,75,0.78,0.73,0.39,900,0.013295186885592183
CAU-10-H,11.0,25,0.3,35,0.1,80,75,0.78,0.73,0.39,900,0.01040614677759323
CAU-10-H,11.0,35,0.3,35,0.1,80,75,0.78,0.73,0.39,900,0.001928345119958562
CAU-10-H,11.0,45,0.3,35,0.1,80,75,0.78,0.73,0.39,900,0.04529009767526332
CAU-10-H,11.0,60,0.3,35,0.1,80,75,0.78,0.73,0.39,900,0.01761544730986
CAU-10-H,14.0,15,0.3,35,0.1,80,75,0.78,0.73,0.39,900,0.03565624677406502
CAU-10-H,14.0,25,0.3,35,0.1,80,75,0.78,0.73,0.39,900,0.03235645225091428
CAU-10-H,14.0,35,0.3,35,0.1,80,75,0.78,0.73,0.39,900,0.03333942558842367
CAU-10-H,14.0,45,0.3,35,0.1,80,75,0.78,0.73,0.39,900,0.030706960402481633
CAU-10-H,14.0,60,0.3,35,0.1,80,75,0.78,0.73,0.39,900,0.05104558433890051
CAU-10-H,17.0,15,0.3,35,0.1,80,75,0.78,0.73,0.39,900,0.030088200378660564
CAU-10-H,17.0,25,0.3,35,0.1,80,75,0.78,0.73,0.39,900,0.02386577419696821
CAU-10-H,17.0,35,0.3,35,0.1,80,75,0.78,0.73,0.39,900,0.028709590669528218
CAU-10-H,17.0,45,0.3,35,0.1,80,75,0.78,0.73,0.39,900,0.023134385795432078
CAU-10-H,17.0,60,0.3,35,0.1,80,75,0.78,0.73,0.39,900,0.04556111937410916
CAU-10-H,20.0,15,0.3,35,0.1,80,75,0.78,0.73,0.39,900,0.06457219565635998
CAU-10-H,20.0,25,0.3,35,0.1,80,75,0.78,0.73,0.39,900,0.04319187060010298
CAU-10-H,20.0,35,0.3,35,0.1,80,75,0.78,0.73,0.39,900,0.03585332153867472
CAU-10-H,20.0,45,0.3,35,0.1,80,75,0.78,0.73,0.39,900,0.046091884732861216
CAU-10-H,20.0,60,0.3,35,0.1,80,75,0.78,0.73,0.39,900,0.06375927167655665
CAU-10-H,23.0,15,0.3,35,0.1,80,75,0.78,0.73,0.39,900,0.0356077319367149
CAU-10-H,23.0,25,0.3,35,0.1,80,75,0.78,0.73,0.39,900,0.07576208617848519
CAU-10-H,23.0,35,0.3,35,0.1,80,75,0.78,0.73,0.39,900,0.05375579962289988
CAU-10-H,23.0,45,0.3,35,0.1,80,75,0.78,0.73,0.39,900,0.07637156551276642
CAU-10-H,23.0,60,0.3,35,0.1,80,75,0.78,0.73,0.39,900,0.04678551856673241
CAU-10-H,26.0,15,0.3,35,0.1,80,75,0.78,0.73,0.39,900,0.08329015928590872
CAU-10-H,26.0,25,0.3,35,0.1,80,75,0.78,0.73,0.39,900,0.06863980000482404
CAU-10-H,26.0,35,0.3,35,0.1,80,75,0.78,0.73,0.39,900,0.07151944903802167
CAU-10-H,26.0,45,0.3,35,0.1,80,75,0.78,0.73,0.39,900,0.09640800723205231
CAU-10-H,26.0,60,0.3,35,0.1,80,75,0.78,0.73,0.39,900,0.08442197255342967
CAU-10-H,29.0,15,0.3,35,0.1,80,75,0.78,0.73,0.39,900,0.10148309030645325
CAU-10-H,29.0,25,0.3,35,0.1,80,75,0.78,0.73,0.39,900,0.09586103968981029
CAU-10-H,29.0,35,0.3,35,0.1,80,75,0.78,0.73,0.39,900,0.07932529816882913
CAU-10-H,29.0,45,0.3,35,0.1,80,75,0.78,0.73,0.39,900,0.09307497893886865
CAU-10-H,29.0,60,0.3,35,0.1,80,75,0.78,0.73,0.39,900,0.0910498339627092
CAU-10-H,32.0,15,0.3,35,0.1,80,75,0.78,0.73,0.39,900,0.1266585926624885
CAU-10-H,32.0,25,0.3,35,0.1,80,75,0.78,0.73,0.39,900,0.12654174182078826
CAU-10-H,32.0,35,0.3,35,0.1,80,75,0.78,0.73,0.39,900,0.1090988396315191
CAU-10-H,32.0,45,0.3,35,0.1,80,75,0.78,0.73,0.39,900,0.11665857873559472
CAU-10-H,32.0,60,0.3,35,0.1,80,75,0.78,0.73,0.39,900,0.10932975010817071
CAU-10-H,35.0,15,0.3,35,0.1,80,75,0.78,0.73,0.39,900,0.16548674445363812
CAU-10-H,35.0,25,0.3,35,0.1,80,75,0.78,0.73,0.39,900,0.17240080145222833
CAU-10-H,35.0,35,0.3,35,0.1,80,75,0.78,0.73,0.39,900,0.1423561316769865
CAU-10-H,35.0,45,0.3,35,0.1,80,75,0.78,0.73,0.39,900,0.12880432858588936
CAU-10-H,35.0,60,0.3,35,0.1,80,75,0.78,0.73,0.39,900,0.12822021444285644
CAU-10-H,38.0,15,0.3,35,0.1,80,75,0.78,0.73,0.39,900,0.16504129974044446
CAU-10-H,38.0,25,0.3,35,0.1,80,75,0.78,0.73,0.39,900,0.16342354925454272
CAU-10-H,38.0,35,0.3,35,0.1,80,75,0.78,0.73,0.39,900,0.1647356430186921
CAU-10-H,38.0,45,0.3,35,0.1,80,75,0.78,0.73,0.39,900,0.14602648146619013
CAU-10-H,38.0,60,0.3,35,0.1,80,75,0.78,0.73,0.39,900,0.15547945035126823
CAU-10-H,41.0,15,0.3,35,0.1,80,75,0.78,0.73,0.39,900,0.1924499052775297
CAU-10-H,41.0,25,0.3,35,0.1,80,75,0.78,0.73,0.39,900,0.19669699155005804
CAU-10-H,41.0,35,0.3,35,0.1,80,75,0.78,0.73,0.39,900,0.183753735761381
CAU-10-H,41.0,45,0.3,35,0.1,80,75,0.78,0.73,0.39,900,0.1694740871512906
CAU-10-H,41.0,60,0.3,35,0.1,80,75,0.78,0.73,0.39,900,0.155203812289269
CAU-10-H,44.0,15,0.3,35,0.1,80,75,0.78,0.73,0.39,900,0.2104375387356067
CAU-10-H,44.0,25,0.3,35,0.1,80,75,0.78,0.73,0.39,900,0.20669972673836742
CAU-10-H,44.0,35,0.3,35,0.1,80,75,0.78,0.73,0.39,900,0.20756027275451602
CAU-10-H,44.0,45,0.3,35,0.1,80,75,0.78,0.73,0.39,900,0.19616888228612941
CAU-10-H,44.0,60,0.3,35,0.1,80,75,0.78,0.73,0.39,900,0.16707729070217825
CAU-10-H,47.0,15,0.3,35,0.1,80,75,0.78,0.73,0.39,900,0.23136289064284551
CAU-10-H,47.0,25,0.3,35,0.1,80,75,0.78,0.73,0.39,900,0.21444311004401623
CAU-10-H,47.0,35,0.3,35,0.1,80,75,0.78,0.73,0.39,900,0.2139374061414857
CAU-10-H,47.0,45,0.3,35,0.1,80,75,0.78,0.73,0.39,900,0.20858059693511471
CAU-10-H,47.0,60,0.3,35,0.1,80,75,0.78,0.73,0.39,900,0.17337611480781084
CAU-10-H,50.0,15,0.3,35,0.1,80,75,0.78,0.73,0.39,900,0.24637043223241284
CAU-10-H,50.0,25,0.3,35,0.1,80,75,0.78,0.73,0.39,900,0.24708414305466508
CAU-10-H,50.0,35,0.3,35,0.1,80,75,0.78,0.73,0.39,900,0.23356515882267329
CAU-10-H,50.0,45,0.3,35,0.1,80,75,0.78,0.73,0.39,900,0.22055874815978652
CAU-10-H,50.0,60,0.3,35,0.1,80,75,0.78,0.73,0.39,900,0.20645097093666237
CAU-10-H,53.0,15,0.3,35,0.1,80,75,0.78,0.73,0.39,900,0.24572620690652103
CAU-10-H,53.0,25,0.3,35,0.1,80,75,0.78,0.73,0.39,900,0.254208276093108
CAU-10-H,53.0,35,0.3,35,0.1,80,75,0.78,0.73,0.39,900,0.2405155516664812
CAU-10-H,53.0,45,0.3,35,0.1,80,75,0.78,0.73,0.39,900,0.2379493307997142
CAU-10-H,53.0,60,0.3,35,0.1,80,75,0.78,0.73,0.39,900,0.2069527921811359
CAU-10-H,56.0,15,0.3,35,0.1,80,75,0.78,0.73,0.39,900,0.27009803254944986
CAU-10-H,56.0,25,0.3,35,0.1,80,75,0.78,0.73,0.39,900,0.2689895803630482
CAU-10-H,56.0,35,0.3,35,0.1,80,75,0.78,0.73,0.39,900,0.25488136150951884
CAU-10-H,56.0,45,0.3,35,0.1,80,75,0.78,0.73,0.39,900,0.2406188194729754
CAU-10-H,56.0,60,0.3,35,0.1,80,75,0.78,0.73,0.39,900,0.23648109884117324
CAU-10-H,59.0,15,0.3,35,0.1,80,75,0.78,0.73,0.39,900,0.2550729705702969
CAU-10-H,59.0,25,0.3,35,0.1,80,75,0.78,0.73,0.39,900,0.2805736311095647
CAU-10-H,59.0,35,0.3,35,0.1,80,75,0.78,0.73,0.39,900,0.2669627130040348
CAU-10-H,59.0,45,0.3,35,0.1,80,75,0.78,0.73,0.39,900,0.2564448512780928
CAU-10-H,59.0,60,0.3,35,0.1,80,75,0.78,0.73,0.39,900,0.2411411954137601
CAU-10-H,62.0,15,0.3,35,0.1,80,75,0.78,0.73,0.39,900,0.2732642603037868
CAU-10-H,62.0,25,0.3,35,0.1,80,75,0.78,0.73,0.39,900,0.2779944724832838
CAU-10-H,62.0,35,0.3,35,0.1,80,75,0.78,0.73,0.39,900,0.2775083734301812
CAU-10-H,62.0,45,0.3,35,0.1,80,75,0.78,0.73,0.39,900,0.2637870246572663
CAU-10-H,62.0,60,0.3,35,0.1,80,75,0.78,0.73,0.39,900,0.24423342732260667
CAU-10-H,65.0,15,0.3,35,0.1,80,75,0.78,0.73,0.39,900,0.26760039510529443
CAU-10-H,65.0,25,0.3,35,0.1,80,75,0.78,0.73,0.39,900,0.2922268834253285
CAU-10-H,65.0,35,0.3,35,0.1,80,75,0.78,0.73,0.39,900,0.288375000428778
CAU-10-H,65.0,45,0.3,35,0.1,80,75,0.78,0.73,0.39,900,0.27502651691950586
CAU-10-H,65.0,60,0.3,35,0.1,80,75,0.78,0.73,0.39,900,0.24857066130541702
CAU-10-H,68.0,15,0.3,35,0.1,80,75,0.78,0.73,0.39,900,0.2706364999749588
CAU-10-H,68.0,25,0.3,35,0.1,80,75,0.78,0.73,0.39,900,0.3
CAU-10-H,68.0,35,0.3,35,0.1,80,75,0.78,0.73,0.39,900,0.2759884418488436
CAU-10-H,68.0,45,0.3,35,0.1,80,75,0.78,0.73,0.39,900,0.23579211598394886
CAU-10-H,68.0,60,0.3,35,0.1,80,75,0.78,0.73,0.39,900,0.2533491220049463
CAU-10-H,71.0,15,0.3,35,0.1,80,75,0.78,0.73,0.39,900,0.27411484052998575
CAU-10-H,71.0,25,0.3,35,0.1,80,75,0.78,0.73,0.39,900,0.2764636149645994
CAU-10-H,71.0,35,0.3,35,0.1,80,75,0.78,0.73,0.39,900,0.2727205591413764
CAU-10-H,71.0,45,0.3,35,0.1,80,75,0.78,0.73,0.39,900,0.2839303239073796
CAU-10-H,71.0,60,0.3,35,0.1,80,75,0.78,0.73,0.39,900,0.24668783140702782
CAU-10-H,74.0,15,0.3,35,0.1,80,75,0.78,0.73,0.39,900,0.2972998073326173
CAU-10-H,74.0,25,0.3,35,0.1,80,75,0.78,0.73,0.39,900,0.3
CAU-10-H,74.0,35,0.3,35,0.1,80,75,0.78,0.73,0.39,900,0.3
CAU-10-H,74.0,45,0.3,35,0.1,80,75,0.78,0.73,0.39,900,0.26928383462746625
CAU-10-H,74.0,60,0.3,35,0.1,80,75,0.78,0.73,0.39,900,0.24998294885588182
CAU-10-H,77.0,15,0.3,35,0.1,80,75,0.78,0.73,0.39,900,0.2804373428829435
CAU-10-H,77.0,25,0.3,35,0.1,80,75,0.78,0.73,0.39,900,0.287234293601839
CAU-10-H,77.0,35,0.3,35,0.1,80,75,0.78,0.73,0.39,900,0.28884937904369057
CAU-10-H,77.0,45,0.3,35,0.1,80,75,0.78,0.73,0.39,900,0.2766711363943724
CAU-10-H,77.0,60,0.3,35,0.1,80,75,0.78,0.73,0.39,900,0.25551115859722306
CAU-10-H,80.0,15,0.3,35,0.1,80,75,0.78,0.73,0.39,900,0.3
CAU-10-H,80.0,25,0.3,35,0.1,80,75,0.78,0.73,0.39,900,0.2874355010544239
CAU-10-H,80.0,35,0.3,35,0.1,80,75,0.78,0.73,0.39,900,0.2841628422801876
CAU-10-H,80.0,45,0.3,35,0.1,80,75,0.78,0.73,0.39,900,0.28174251969589403
CAU-10-H,80.0,60,0.3,35,0.1,80,75,0.78,0.73,0.39,900,0.262175119676042
CAU-10-H,83.0,15,0.3,35,0.1,80,75,0.78,0.73,0.39,900,0.3
CAU-10-H,83.0,25,0.3,35,0.1,80,75,0.78,0.73,0.39,900,0.3
CAU-10-H,83.0,35,0.3,35,0.1,80,75,0.78,0.73,0.39,900,0.28193634884072794
CAU-10-H,83.0,45,0.3,35,0.1,80,75,0.78,0.73,0.39,900,0.2780934374848767
CAU-10-H,83.0,60,0.3,35,0.1,80,75,0.78,0.73,0.39,900,0.24386291428587548
CAU-10-H,86.0,15,0.3,35,0.1,80,75,0.78,0.73,0.39,900,0.2785085475740072
CAU-10-H,86.0,25,0.3,35,0.1,80,75,0.78,0.73,0.39,900,0.3
CAU-10-H,86.0,35,0.3,35,0.1,80,75,0.78,0.73,0.39,900,0.28559309317657167
CAU-10-H,86.0,45,0.3,35,0.1,80,75,0.78,0.73,0.39,900,0.2780284103053269
CAU-10-H,86.0,60,0.3,35,0.1,80,75,0.78,0.73,0.39,900,0.23606435884907426
CAU-10-H,89.0,15,0.3,35,0.1,80,75,0.78,0.73,0.39,900,0.29426974975501247
CAU-10-H,89.0,25,0.3,35,0.1,80,75,0.78,0.73,0.39,900,0.2914528326869393
CAU-10-H,89.0,35,0.3,35,0.1,80,75,0.78,0.73,0.39,900,0.2763345279528089
CAU-10-H,89.0,45,0.3,35,0.1,80,75,0.78,0.73,0.39,900,0.2476988485300307
CAU-10-H,89.0,60,0.3,35,0.1,80,75,0.78,0.73,0.39,900,0.2528214797388325
CAU-10-H,92.0,15,0.3,35,0.1,80,75,0.78,0.73,0.39,900,0.3
CAU-10-H,92.0,25,0.3,35,0.1,80,75,0.78,0.73,0.39,900,0.3
CAU-10-H,92.0,35,0.3,35,0.1,80,75,0.78,0.73,0.39,900,0.2798282161794753
CAU-10-H,92.0,45,0.3,35,0.1,80,75,0.78,0.73,0.39,900,0.2749010815233503
CAU-10-H,92.0,60,0.3,35,0.1,80,75,0.78,0.73,0.39,900,0.26622122067754345
CAU-10-H,95.0,15,0.3,35,0.1,80,75,0.78,0.73,0.39,900,0.26613319870115926
CAU-10-H,95.0,25,0.3,35,0.1,80,75,0.78,0.73,0.39,900,0.29776377449132996
CAU-10-H,95.0,35,0.3,35,0.1,80,75,0.78,0.73,0.39,900,0.29380628629706645
CAU-10-H,95.0,45,0.3,35,0.1,80,75,0.78,0.73,0.39,900,0.2835030995115789
CAU-10-H,95.0,60,0.3,35,0.1,80,75,0.78,0.73,0.39,900,0.2777708257097086
MOF-841,5.0,15,0.5,45,0.09,95,120,0.8,0.48,0.68,1450,0.026919044937590696
MOF-841,5.0,25,0.5,45,0.09,95,120,0.8,0.48,0.68,1450,0.017049250805387897
MOF-841,5.0,35,0.5,45,0.09,95,120,0.8,0.48,0.68,1450,0.016390268990280732
MOF-841,5.0,45,0.5,45,0.09,95,120,0.8,0.48,0.68,1450,0.021677961221293496
MOF-841,5.0,60,0.5,45,0.09,95,120,0.8,0.48,0.68,1450,0.004964783301144235
MOF-841,8.0,15,0.5,45,0.09,95,120,0.8,0.48,0.68,1450,0.016795858483820033
MOF-841,8.0,25,0.5,45,0.09,95,120,0.8,0.48,0.68,1450,0.028152983180080696
MOF-841,8.0,35,0.5,45,0.09,95,120,0.8,0.48,0.68,1450,0.040076333116153814
MOF-841,8.0,45,0.5,45,0.09,95,120,0.8,0.48,0.68,1450,0.013984658262906291
MOF-841,8.0,60,0.5,45,0.09,95,120,0.8,0.48,0.68,1450,0.01427837075114053
MOF-841,11.0,15,0.5,45,0.09,95,120,0.8,0.48,0.68,1450,0.024775613850345515
MOF-841,11.0,25,0.5,45,0.09,95,120,0.8,0.48,0.68,1450,0.03851229585299005
MOF-841,11.0,35,0.5,45,0.09,95,120,0.8,0.48,0.68,1450,0.02113433782082783
MOF-841,11.0,45,0.5,45,0.09,95,120,0.8,0.48,0.68,1450,0.03823465184055564
MOF-841,11.0,60,0.5,45,0.09,95,120,0.8,0.48,0.68,1450,0.0076588257022632885
MOF-841,14.0,15,0.5,45,0.09,95,120,0.8,0.48,0.68,1450,0.026701042089336564
MOF-841,14.0,25,0.5,45,0.09,95,120,0.8,0.48,0.68,1450,0.02655549575795419
MOF-841,14.0,35,0.5,45,0.09,95,120,0.8,0.48,0.68,1450,0.03721420722180792
MOF-841,14.0,45,0.5,45,0.09,95,120,0.8,0.48,0.68,1450,0.0391619239508654
MOF-841,14.0,60,0.5,45,0.09,95,120,0.8,0.48,0.68,1450,0.006769458471416443
MOF-841,17.0,15,0.5,45,0.09,95,120,0.8,0.48,0.68,1450,0.02625256107327934
MOF-841,17.0,25,0.5,45,0.09,95,120,0.8,0.48,0.68,1450,0.04127620232833158
MOF-841,17.0,35,0.5,45,0.09,95,120,0.8,0.48,0.68,1450,0.027840289929063698
MOF-841,17.0,45,0.5,45,0.09,95,120,0.8,0.48,0.68,1450,0.0159861214686012
MOF-841,17.0,60,0.5,45,0.09,95,120,0.8,0.48,0.68,1450,0.04448297608567382
MOF-841,20.0,15,0.5,45,0.09,95,120,0.8,0.48,0.68,1450,0.05360237345939852
MOF-841,20.0,25,0.5,45,0.09,95,120,0.8,0.48,0.68,1450,0.05359286241188371
MOF-841,20.0,35,0.5,45,0.09,95,120,0.8,0.48,0.68,1450,0.04006239455421941
MOF-841,20.0,45,0.5,45,0.09,95,120,0.8,0.48,0.68,1450,0.05620801527959822
MOF-841,20.0,60,0.5,45,0.09,95,120,0.8,0.48,0.68,1450,0.038120749949491634
MOF-841,23.0,15,0.5,45,0.09,95,120,0.8,0.48,0.68,1450,0.07381664227974385
MOF-841,23.0,25,0.5,45,0.09,95,120,0.8,0.48,0.68,1450,0.04971943713455697
MOF-841,23.0,35,0.5,45,0.09,95,120,0.8,0.48,0.68,1450,0.04798341681582808
MOF-841,23.0,45,0.5,45,0.09,95,120,0.8,0.48,0.68,1450,0.058262623957371314
MOF-841,23.0,60,0.5,45,0.09,95,120,0.8,0.48,0.68,1450,0.04373911454388214
MOF-841,26.0,15,0.5,45,0.09,95,120,0.8,0.48,0.68,1450,0.08468727066696904
MOF-841,26.0,25,0.5,45,0.09,95,120,0.8,0.48,0.68,1450,0.07970291081209173
MOF-841,26.0,35,0.5,45,0.09,95,120,0.8,0.48,0.68,1450,0.06244292895288418
MOF-841,26.0,45,0.5,45,0.09,95,120,0.8,0.48,0.68,1450,0.07132969646328084
MOF-841,26.0,60,0.5,45,0.09,95,120,0.8,0.48,0.68,1450,0.06164506552073866
MOF-841,29.0,15,0.5,45,0.09,95,120,0.8,0.48,0.68,1450,0.10676266823085832
MOF-841,29.0,25,0.5,45,0.09,95,120,0.8,0.48,0.68,1450,0.0881820384825953
MOF-841,29.0,35,0.5,45,0.09,95,120,0.8,0.48,0.68,1450,0.08667169016382985
MOF-841,29.0,45,0.5,45,0.09,95,120,0.8,0.48,0.68,1450,0.10264570320279108
MOF-841,29.0,60,0.5,45,0.09,95,120,0.8,0.48,0.68,1450,0.1092276205523412
MOF-841,32.0,15,0.5,45,0.09,95,120,0.8,0.48,0.68,1450,0.14241559610730753
MOF-841,32.0,25,0.5,45,0.09,95,120,0.8,0.48,0.68,1450,0.11918616827649958
MOF-841,32.0,35,0.5,45,0.09,95,120,0.8,0.48,0.68,1450,0.1163166489359281
MOF-841,32.0,45,0.5,45,0.09,95,120,0.8,0.48,0.68,1450,0.12735479671303843
MOF-841,32.0,60,0.5,45,0.09,95,120,0.8,0.48,0.68,1450,0.1003544255625166
MOF-841,35.0,15,0.5,45,0.09,95,120,0.8,0.48,0.68,1450,0.13280905904184964
MOF-841,35.0,25,0.5,45,0.09,95,120,0.8,0.48,0.68,1450,0.14592775585673362
MOF-841,35.0,35,0.5,45,0.09,95,120,0.8,0.48,0.68,1450,0.14416244010638368
MOF-841,35.0,45,0.5,45,0.09,95,120,0.8,0.48,0.68,1450,0.12301343337867922
MOF-841,35.0,60,0.5,45,0.09,95,120,0.8,0.48,0.68,1450,0.10453694017325847
MOF-841,38.0,15,0.5,45,0.09,95,120,0.8,0.48,0.68,1450,0.15651451472897857
MOF-841,38.0,25,0.5,45,0.09,95,120,0.8,0.48,0.68,1450,0.18174042031369572
MOF-841,38.0,35,0.5,45,0.09,95,120,0.8,0.48,0.68,1450,0.15770453995174052
MOF-841,38.0,45,0.5,45,0.09,95,120,0.8,0.48,0.68,1450,0.1581586822828842
MOF-841,38.0,60,0.5,45,0.09,95,120,0.8,0.48,0.68,1450,0.15198023546917394
MOF-841,41.0,15,0.5,45,0.09,95,120,0.8,0.48,0.68,1450,0.21290947351980397
MOF-841,41.0,25,0.5,45,0.09,95,120,0.8,0.48,0.68,1450,0.20146094938610576
MOF-841,41.0,35,0.5,45,0.09,95,120,0.8,0.48,0.68,1450,0.20324518005760794
MOF-841,41.0,45,0.5,45,0.09,95,120,0.8,0.48,0.68,1450,0.17836067682756396
MOF-841,41.0,60,0.5,45,0.09,95,120,0.8,0.48,0.68,1450,0.17237204504663783
MOF-841,44.0,15,0.5,45,0.09,95,120,0.8,0.48,0.68,1450,0.22646460055064552
MOF-841,44.0,25,0.5,45,0.09,95,120,0.8,0.48,0.68,1450,0.252338794200443
MOF-841,44.0,35,0.5,45,0.09,95,120,0.8,0.48,0.68,1450,0.22888228536313207
MOF-841,44.0,45,0.5,45,0.09,95,120,0.8,0.48,0.68,1450,0.21078529074420838
MOF-841,44.0,60,0.5,45,0.09,95,120,0.8,0.48,0.68,1450,0.2011030637627442
MOF-841,47.0,15,0.5,45,0.09,95,120,0.8,0.48,0.68,1450,0.26977870441811075
MOF-841,47.0,25,0.5,45,0.09,95,120,0.8,0.48,0.68,1450,0.2808456836826902
MOF-841,47.0,35,0.5,45,0.09,95,120,0.8,0.48,0.68,1450,0.24239423420109563
MOF-841,47.0,45,0.5,45,0.09,95,120,0.8,0.48,0.68,1450,0.23819782039234186
MOF-841,47.0,60,0.5,45,0.09,95,120,0.8,0.48,0.68,1450,0.2297606367019495
MOF-841,50.0,15,0.5,45,0.09,95,120,0.8,0.48,0.68,1450,0.3357072869678247
MOF-841,50.0,25,0.5,45,0.09,95,120,0.8,0.48,0.68,1450,0.31678776368499495
MOF-841,50.0,35,0.5,45,0.09,95,120,0.8,0.48,0.68,1450,0.29176941214605523
MOF-841,50.0,45,0.5,45,0.09,95,120,0.8,0.48,0.68,1450,0.2894380426055722
MOF-841,50.0,60,0.5,45,0.09,95,120,0.8,0.48,0.68,1450,0.28726410463372953
MOF-841,53.0,15,0.5,45,0.09,95,120,0.8,0.48,0.68,1450,0.3334985814125755
MOF-841,53.0,25,0.5,45,0.09,95,120,0.8,0.48,0.68,1450,0.33190654840470946
MOF-841,53.0,35,0.5,45,0.09,95,120,0.8,0.48,0.68,1450,0.3373946907111877
MOF-841,53.0,45,0.5,45,0.09,95,120,0.8,0.48,0.68,1450,0.3153293338287651
MOF-841,53.0,60,0.5,45,0.09,95,120,0.8,0.48,0.68,1450,0.29727701520300764
MOF-841,56.0,15,0.5,45,0.09,95,120,0.8,0.48,0.68,1450,0.3584452923832863
MOF-841,56.0,25,0.5,45,0.09,95,120,0.8,0.48,0.68,1450,0.3876343987627662
MOF-841,56.0,35,0.5,45,0.09,95,120,0.8,0.48,0.68,1450,0.370477292346791
MOF-841,56.0,45,0.5,45,0.09,95,120,0.8,0.48,0.68,1450,0.34217181774715405
MOF-841,56.0,60,0.5,45,0.09,95,120,0.8,0.48,0.68,1450,0.3217192846679686
MOF-841,59.0,15,0.5,45,0.09,95,120,0.8,0.48,0.68,1450,0.36518592342298967
MOF-841,59.0,25,0.5,45,0.09,95,120,0.8,0.48,0.68,1450,0.3971655714118726
MOF-841,59.0,35,0.5,45,0.09,95,120,0.8,0.48,0.68,1450,0.371603228687606
MOF-841,59.0,45,0.5,45,0.09,95,120,0.8,0.48,0.68,1450,0.3635588780486523
MOF-841,59.0,60,0.5,45,0.09,95,120,0.8,0.48,0.68,1450,0.34317073928747244
MOF-841,62.0,15,0.5,45,0.09,95,120,0.8,0.48,0.68,1450,0.40690765588957745
MOF-841,62.0,25,0.5,45,0.09,95,120,0.8,0.48,0.68,1450,0.3907173755046317
MOF-841,62.0,35,0.5,45,0.09,95,120,0.8,0.48,0.68,1450,0.3989775256034925
MOF-841,62.0,45,0.5,45,0.09,95,120,0.8,0.48,0.68,1450,0.36922630070904183
MOF-841,62.0,60,0.5,45,0.09,95,120,0.8,0.48,0.68,1450,0.34950038599922195
MOF-841,65.0,15,0.5,45,0.09,95,120,0.8,0.48,0.68,1450,0.4218203494206258
MOF-841,65.0,25,0.5,45,0.09,95,120,0.8,0.48,0.68,1450,0.4249755764866939
MOF-841,65.0,35,0.5,45,0.09,95,120,0.8,0.48,0.68,1450,0.3841972373605746
MOF-841,65.0,45,0.5,45,0.09,95,120,0.8,0.48,0.68,1450,0.4093518756725539
MOF-841,65.0,60,0.5,45,0.09,95,120,0.8,0.48,0.68,1450,0.3720441953207079
MOF-841,68.0,15,0.5,45,0.09,95,120,0.8,0.48,0.68,1450,0.45731327187653126
MOF-841,68.0,25,0.5,45,0.09,95,120,0.8,0.48,0.68,1450,0.4677345826792241
MOF-841,68.0,35,0.5,45,0.09,95,120,0.8,0.48,0.68,1450,0.42648853896339767
MOF-841,68.0,45,0.5,45,0.09,95,120,0.8,0.48,0.68,1450,0.3868291271936976
MOF-841,68.0,60,0.5,45,0.09,95,120,0.8,0.48,0.68,1450,0.3710931312159392
MOF-841,71.0,15,0.5,45,0.09,95,120,0.8,0.48,0.68,1450,0.44158518881458886
MOF-841,71.0,25,0.5,45,0.09,95,120,0.8,0.48,0.68,1450,0.4500455468676094
MOF-841,71.0,35,0.5,45,0.09,95,120,0.8,0.48,0.68,1450,0.4387810966187271
MOF-841,71.0,45,0.5,45,0.09,95,120,0.8,0.48,0.68,1450,0.3955563519742426
MOF-841,71.0,60,0.5,45,0.09,95,120,0.8,0.48,0.68,1450,0.3963282225434991
MOF-841,74.0,15,0.5,45,0.09,95,120,0.8,0.48,0.68,1450,0.44762691829840645
MOF-841,74.0,25,0.5,45,0.09,95,120,0.8,0.48,0.68,1450,0.46931958129143714
MOF-841,74.0,35,0.5,45,0.09,95,120,0.8,0.48,0.68,1450,0.44580725647019975
MOF-841,74.0,45,0.5,45,0.09,95,120,0.8,0.48,0.68,1450,0.4247275274164991
MOF-841,74.0,60,0.5,45,0.09,95,120,0.8,0.48,0.68,1450,0.3996695137272441
MOF-841,77.0,15,0.5,45,0.09,95,120,0.8,0.48,0.68,1450,0.4669470956121878
MOF-841,77.0,25,0.5,45,0.09,95,120,0.8,0.48,0.68,1450,0.466074774480118
MOF-841,77.0,35,0.5,45,0.09,95,120,0.8,0.48,0.68,1450,0.4342943778385027
MOF-841,77.0,45,0.5,45,0.09,95,120,0.8,0.48,0.68,1450,0.4351949494786987
MOF-841,77.0,60,0.5,45,0.09,95,120,0.8,0.48,0.68,1450,0.42929141587631237
MOF-841,80.0,15,0.5,45,0.09,95,120,0.8,0.48,0.68,1450,0.5
MOF-841,80.0,25,0.5,45,0.09,95,120,0.8,0.48,0.68,1450,0.4953161720583068
MOF-841,80.0,35,0.5,45,0.09,95,120,0.8,0.48,0.68,1450,0.4687458056739955
MOF-841,80.0,45,0.5,45,0.09,95,120,0.8,0.48,0.68,1450,0.4329802505388263
MOF-841,80.0,60,0.5,45,0.09,95,120,0.8,0.48,0.68,1450,0.4296437598323952
MOF-841,83.0,15,0.5,45,0.09,95,120,0.8,0.48,0.68,1450,0.4834883551571802
MOF-841,83.0,25,0.5,45,0.09,95,120,0.8,0.48,0.68,1450,0.4833353796933149
MOF-841,83.0,35,0.5,45,0.09,95,120,0.8,0.48,0.68,1450,0.46130068479598174
MOF-841,83.0,45,0.5,45,0.09,95,120,0.8,0.48,0.68,1450,0.4465324777338536
MOF-841,83.0,60,0.5,45,0.09,95,120,0.8,0.48,0.68,1450,0.41115664297794907
MOF-841,86.0,15,0.5,45,0.09,95,120,0.8,0.48,0.68,1450,0.4868128168098838
MOF-841,86.0,25,0.5,45,0.09,95,120,0.8,0.48,0.68,1450,0.474803013537634
MOF-841,86.0,35,0.5,45,0.09,95,120,0.8,0.48,0.68,1450,0.4638215102717804
MOF-841,86.0,45,0.5,45,0.09,95,120,0.8,0.48,0.68,1450,0.47615942425437013
MOF-841,86.0,60,0.5,45,0.09,95,120,0.8,0.48,0.68,1450,0.4186885261088871
MOF-841,89.0,15,0.5,45,0.09,95,120,0.8,0.48,0.68,1450,0.4877828182455616
MOF-841,89.0,25,0.5,45,0.09,95,120,0.8,0.48,0.68,1450,0.49703523637208336
MOF-841,89.0,35,0.5,45,0.09,95,120,0.8,0.48,0.68,1450,0.47951833708235136
MOF-841,89.0,45,0.5,45,0.09,95,120,0.8,0.48,0.68,1450,0.43802977911093205
MOF-841,89.0,60,0.5,45,0.09,95,120,0.8,0.48,0.68,1450,0.41947029532598856
MOF-841,92.0,15,0.5,45,0.09,95,120,0.8,0.48,0.68,1450,0.5
MOF-841,92.0,25,0.5,45,0.09,95,120,0.8,0.48,0.68,1450,0.4960662235171212
MOF-841,92.0,35,0.5,45,0.09,95,120,0.8,0.48,0.68,1450,0.4745784936115469
MOF-841,92.0,45,0.5,45,0.09,95,120,0.8,0.48,0.68,1450,0.4720501302341003
MOF-841,92.0,60,0.5,45,0.09,95,120,0.8,0.48,0.68,1450,0.4156989547770244
MOF-841,95.0,15,0.5,45,0.09,95,120,0.8,0.48,0.68,1450,0.495499479425995
MOF-841,95.0,25,0.5,45,0.09,95,120,0.8,0.48,0.68,1450,0.48826582470164254
MOF-841,95.0,35,0.5,45,0.09,95,120,0.8,0.48,0.68,1450,0.4926099662862301
MOF-841,95.0,45,0.5,45,0.09,95,120,0.8,0.48,0.68,1450,0.43152368159860877
MOF-841,95.0,60,0.5,45,0.09,95,120,0.8,0.48,0.68,1450,0.41723391432303986
UiO-66-NH2,5.0,15,0.23,42,0.08,90,110,0.84,0.58,0.34,850,0.004981297806991119
UiO-66-NH2,5.0,25,0.23,42,0.08,90,110,0.84,0.58,0.34,850,0.019293656877385212
UiO-66-NH2,5.0,35,0.23,42,0.08,90,110,0.84,0.58,0.34,850,0.01815323985666741
UiO-66-NH2,5.0,45,0.23,42,0.08,90,110,0.84,0.58,0.34,850,0.02716701801024482
UiO-66-NH2,5.0,60,0.23,42,0.08,90,110,0.84,0.58,0.34,850,0.0
UiO-66-NH2,8.0,15,0.23,42,0.08,90,110,0.84,0.58,0.34,850,0.023220497348991127
UiO-66-NH2,8.0,25,0.23,42,0.08,90,110,0.84,0.58,0.34,850,0.010695438869165698
UiO-66-NH2,8.0,35,0.23,42,0.08,90,110,0.84,0.58,0.34,850,0.00565870250390225
UiO-66-NH2,8.0,45,0.23,42,0.08,90,110,0.84,0.58,0.34,850,0.019552435861845595
UiO-66-NH2,8.0,60,0.23,42,0.08,90,110,0.84,0.58,0.34,850,0.0011830506341100368
UiO-66-NH2,11.0,15,0.23,42,0.08,90,110,0.84,0.58,0.34,850,0.0
UiO-66-NH2,11.0,25,0.23,42,0.08,90,110,0.84,0.58,0.34,850,0.01332998462436015
UiO-66-NH2,11.0,35,0.23,42,0.08,90,110,0.84,0.58,0.34,850,0.0
UiO-66-NH2,11.0,45,0.23,42,0.08,90,110,0.84,0.58,0.34,850,0.00856380811926909
UiO-66-NH2,11.0,60,0.23,42,0.08,90,110,0.84,0.58,0.34,850,0.019743098747644534
UiO-66-NH2,14.0,15,0.23,42,0.08,90,110,0.84,0.58,0.34,850,0.025873571540829247
UiO-66-NH2,14.0,25,0.23,42,0.08,90,110,0.84,0.58,0.34,850,0.04117236798120215
UiO-66-NH2,14.0,35,0.23,42,0.08,90,110,0.84,0.58,0.34,850,0.018848534646399136
UiO-66-NH2,14.0,45,0.23,42,0.08,90,110,0.84,0.58,0.34,850,0.0019592295394083373
UiO-66-NH2,14.0,60,0.23,42,0.08,90,110,0.84,0.58,0.34,850,0.009958271870746903
UiO-66-NH2,17.0,15,0.23,42,0.08,90,110,0.84,0.58,0.34,850,0.016384061369571778
UiO-66-NH2,17.0,25,0.23,42,0.08,90,110,0.84,0.58,0.34,850,0.012802770163588049
UiO-66-NH2,17.0,35,0.23,42,0.08,90,110,0.84,0.58,0.34,850,0.03154441152266885
UiO-66-NH2,17.0,45,0.23,42,0.08,90,110,0.84,0.58,0.34,850,0.017480550244297198
UiO-66-NH2,17.0,60,0.23,42,0.08,90,110,0.84,0.58,0.34,850,0.0
UiO-66-NH2,20.0,15,0.23,42,0.08,90,110,0.84,0.58,0.34,850,0.042124851791748505
UiO-66-NH2,20.0,25,0.23,42,0.08,90,110,0.84,0.58,0.34,850,0.032424659329837464
UiO-66-NH2,20.0,35,0.23,42,0.08,90,110,0.84,0.58,0.34,850,0.036693354368375695
UiO-66-NH2,20.0,45,0.23,42,0.08,90,110,0.84,0.58,0.34,850,0.03232949443837231
UiO-66-NH2,20.0,60,0.23,42,0.08,90,110,0.84,0.58,0.34,850,0.036614986022493926
UiO-66-NH2,23.0,15,0.23,42,0.08,90,110,0.84,0.58,0.34,850,0.0417323744278716
UiO-66-NH2,23.0,25,0.23,42,0.08,90,110,0.84,0.58,0.34,850,0.05611057926542371
UiO-66-NH2,23.0,35,0.23,42,0.08,90,110,0.84,0.58,0.34,850,0.04472489696486447
UiO-66-NH2,23.0,45,0.23,42,0.08,90,110,0.84,0.58,0.34,850,0.0426788689872512
UiO-66-NH2,23.0,60,0.23,42,0.08,90,110,0.84,0.58,0.34,850,0.040415891550959926
UiO-66-NH2,26.0,15,0.23,42,0.08,90,110,0.84,0.58,0.34,850,0.032556898511859486
UiO-66-NH2,26.0,25,0.23,42,0.08,90,110,0.84,0.58,0.34,850,0.048060922401039485
UiO-66-NH2,26.0,35,0.23,42,0.08,90,110,0.84,0.58,0.34,850,0.044923291491182786
UiO-66-NH2,26.0,45,0.23,42,0.08,90,110,0.84,0.58,0.34,850,0.04852418796279521
UiO-66-NH2,26.0,60,0.23,42,0.08,90,110,0.84,0.58,0.34,850,0.026727104251952842
UiO-66-NH2,29.0,15,0.23,42,0.08,90,110,0.84,0.58,0.34,850,0.07967387592333766
UiO-66-NH2,29.0,25,0.23,42,0.08,90,110,0.84,0.58,0.34,850,0.06131716257050105
UiO-66-NH2,29.0,35,0.23,42,0.08,90,110,0.84,0.58,0.34,850,0.04312610816878973
UiO-66-NH2,29.0,45,0.23,42,0.08,90,110,0.84,0.58,0.34,850,0.03475269514962685
UiO-66-NH2,29.0,60,0.23,42,0.08,90,110,0.84,0.58,0.34,850,0.04828002127188752
UiO-66-NH2,32.0,15,0.23,42,0.08,90,110,0.84,0.58,0.34,850,0.07022976438553155
UiO-66-NH2,32.0,25,0.23,42,0.08,90,110,0.84,0.58,0.34,850,0.06268636430895647
UiO-66-NH2,32.0,35,0.23,42,0.08,90,110,0.84,0.58,0.34,850,0.06955900050211025
UiO-66-NH2,32.0,45,0.23,42,0.08,90,110,0.84,0.58,0.34,850,0.057907290586522484
UiO-66-NH2,32.0,60,0.23,42,0.08,90,110,0.84,0.58,0.34,850,0.06794294665343384
UiO-66-NH2,35.0,15,0.23,42,0.08,90,110,0.84,0.58,0.34,850,0.07492141391457313
UiO-66-NH2,35.0,25,0.23,42,0.08,90,110,0.84,0.58,0.34,850,0.08315391303398063
UiO-66-NH2,35.0,35,0.23,42,0.08,90,110,0.84,0.58,0.34,850,0.09201734918617581
UiO-66-NH2,35.0,45,0.23,42,0.08,90,110,0.84,0.58,0.34,850,0.10778666907134409
UiO-66-NH2,35.0,60,0.23,42,0.08,90,110,0.84,0.58,0.34,850,0.05981796922073889
UiO-66-NH2,38.0,15,0.23,42,0.08,90,110,0.84,0.58,0.34,850,0.09118132876474244
UiO-66-NH2,38.0,25,0.23,42,0.08,90,110,0.84,0.58,0.34,850,0.08667739363218842
UiO-66-NH2,38.0,35,0.23,42,0.08,90,110,0.84,0.58,0.34,850,0.10229714498678742
UiO-66-NH2,38.0,45,0.23,42,0.08,90,110,0.84,0.58,0.34,850,0.07523779657671387
UiO-66-NH2,38.0,60,0.23,42,0.08,90,110,0.84,0.58,0.34,850,0.07739737837786033
UiO-66-NH2,41.0,15,0.23,42,0.08,90,110,0.84,0.58,0.34,850,0.11004723636536608
UiO-66-NH2,41.0,25,0.23,42,0.08,90,110,0.84,0.58,0.34,850,0.09865830929045927
UiO-66-NH2,41.0,35,0.23,42,0.08,90,110,0.84,0.58,0.34,850,0.09449845318593737
UiO-66-NH2,41.0,45,0.23,42,0.08,90,110,0.84,0.58,0.34,850,0.09586278096561653
UiO-66-NH2,41.0,60,0.23,42,0.08,90,110,0.84,0.58,0.34,850,0.0697408256331776
UiO-66-NH2,44.0,15,0.23,42,0.08,90,110,0.84,0.58,0.34,850,0.10683468484290011
UiO-66-NH2,44.0,25,0.23,42,0.08,90,110,0.84,0.58,0.34,850,0.11922401439426203
UiO-66-NH2,44.0,35,0.23,42,0.08,90,110,0.84,0.58,0.34,850,0.1209919741459729
UiO-66-NH2,44.0,45,0.23,42,0.08,90,110,0.84,0.58,0.34,850,0.11201686974051459
UiO-66-NH2,44.0,60,0.23,42,0.08,90,110,0.84,0.58,0.34,850,0.08550753982701817
UiO-66-NH2,47.0,15,0.23,42,0.08,90,110,0.84,0.58,0.34,850,0.132132726324744
UiO-66-NH2,47.0,25,0.23,42,0.08,90,110,0.84,0.58,0.34,850,0.1472794135119381
UiO-66-NH2,47.0,35,0.23,42,0.08,90,110,0.84,0.58,0.34,850,0.1388606214967253
UiO-66-NH2,47.0,45,0.23,42,0.08,90,110,0.84,0.58,0.34,850,0.12573733454146085
UiO-66-NH2,47.0,60,0.23,42,0.08,90,110,0.84,0.58,0.34,850,0.10777198066906457
UiO-66-NH2,50.0,15,0.23,42,0.08,90,110,0.84,0.58,0.34,850,0.1581678923908799
UiO-66-NH2,50.0,25,0.23,42,0.08,90,110,0.84,0.58,0.34,850,0.14364614816493407
UiO-66-NH2,50.0,35,0.23,42,0.08,90,110,0.84,0.58,0.34,850,0.13053858327218704
UiO-66-NH2,50.0,45,0.23,42,0.08,90,110,0.84,0.58,0.34,850,0.12891959744235568
UiO-66-NH2,50.0,60,0.23,42,0.08,90,110,0.84,0.58,0.34,850,0.14689037800921978
UiO-66-NH2,53.0,15,0.23,42,0.08,90,110,0.84,0.58,0.34,850,0.16521127130994087
UiO-66-NH2,53.0,25,0.23,42,0.08,90,110,0.84,0.58,0.34,850,0.17648007548809302
UiO-66-NH2,53.0,35,0.23,42,0.08,90,110,0.84,0.58,0.34,850,0.1503143106577473
UiO-66-NH2,53.0,45,0.23,42,0.08,90,110,0.84,0.58,0.34,850,0.16082137405362062
UiO-66-NH2,53.0,60,0.23,42,0.08,90,110,0.84,0.58,0.34,850,0.13259138680889077
UiO-66-NH2,56.0,15,0.23,42,0.08,90,110,0.84,0.58,0.34,850,0.17152827635486412
UiO-66-NH2,56.0,25,0.23,42,0.08,90,110,0.84,0.58,0.34,850,0.20325360790272642
UiO-66-NH2,56.0,35,0.23,42,0.08,90,110,0.84,0.58,0.34,850,0.17568649217952317
UiO-66-NH2,56.0,45,0.23,42,0.08,90,110,0.84,0.58,0.34,850,0.15352996789666515
UiO-66-NH2,56.0,60,0.23,42,0.08,90,110,0.84,0.58,0.34,850,0.14812113964528134
UiO-66-NH2,59.0,15,0.23,42,0.08,90,110,0.84,0.58,0.34,850,0.18693941152528665
UiO-66-NH2,59.0,25,0.23,42,0.08,90,110,0.84,0.58,0.34,850,0.19755022154884977
UiO-66-NH2,59.0,35,0.23,42,0.08,90,110,0.84,0.58,0.34,850,0.16983414415563075
UiO-66-NH2,59.0,45,0.23,42,0.08,90,110,0.84,0.58,0.34,850,0.14748692302143246
UiO-66-NH2,59.0,60,0.23,42,0.08,90,110,0.84,0.58,0.34,850,0.15404556645069098
UiO-66-NH2,62.0,15,0.23,42,0.08,90,110,0.84,0.58,0.34,850,0.1915488540667677
UiO-66-NH2,62.0,25,0.23,42,0.08,90,110,0.84,0.58,0.34,850,0.1926786842056255
UiO-66-NH2,62.0,35,0.23,42,0.08,90,110,0.84,0.58,0.34,850,0.19950994107176245
UiO-66-NH2,62.0,45,0.23,42,0.08,90,110,0.84,0.58,0.34,850,0.17985533523400954
UiO-66-NH2,62.0,60,0.23,42,0.08,90,110,0.84,0.58,0.34,850,0.17432824023912205
UiO-66-NH2,65.0,15,0.23,42,0.08,90,110,0.84,0.58,0.34,850,0.18526483838054666
UiO-66-NH2,65.0,25,0.23,42,0.08,90,110,0.84,0.58,0.34,850,0.20889302056873887
UiO-66-NH2,65.0,35,0.23,42,0.08,90,110,0.84,0.58,0.34,850,0.21569371257921394
UiO-66-NH2,65.0,45,0.23,42,0.08,90,110,0.84,0.58,0.34,850,0.1918748579740349
UiO-66-NH2,65.0,60,0.23,42,0.08,90,110,0.84,0.58,0.34,850,0.17373392296786272
UiO-66-NH2,68.0,15,0.23,42,0.08,90,110,0.84,0.58,0.34,850,0.20630498591726917
UiO-66-NH2,68.0,25,0.23,42,0.08,90,110,0.84,0.58,0.34,850,0.2259028345246883
UiO-66-NH2,68.0,35,0.23,42,0.08,90,110,0.84,0.58,0.34,850,0.18515266474943082
UiO-66-NH2,68.0,45,0.23,42,0.08,90,110,0.84,0.58,0.34,850,0.18676732914841757
UiO-66-NH2,68.0,60,0.23,42,0.08,90,110,0.84,0.58,0.34,850,0.18135562089974214
UiO-66-NH2,71.0,15,0.23,42,0.08,90,110,0.84,0.58,0.34,850,0.2183475996470393
UiO-66-NH2,71.0,25,0.23,42,0.08,90,110,0.84,0.58,0.34,850,0.20417165148478025
UiO-66-NH2,71.0,35,0.23,42,0.08,90,110,0.84,0.58,0.34,850,0.2047306596358765
UiO-66-NH2,71.0,45,0.23,42,0.08,90,110,0.84,0.58,0.34,850,0.18933096166880498
UiO-66-NH2,71.0,60,0.23,42,0.08,90,110,0.84,0.58,0.34,850,0.1815464978574369
UiO-66-NH2,74.0,15,0.23,42,0.08,90,110,0.84,0.58,0.34,850,0.21191066679485043
UiO-66-NH2,74.0,25,0.23,42,0.08,90,110,0.84,0.58,0.34,850,0.1997966411450706
UiO-66-NH2,74.0,35,0.23,42,0.08,90,110,0.84,0.58,0.34,850,0.20470257164788233
UiO-66-NH2,74.0,45,0.23,42,0.08,90,110,0.84,0.58,0.34,850,0.20694192232173225
UiO-66-NH2,74.0,60,0.23,42,0.08,90,110,0.84,0.58,0.34,850,0.1720021386417299
UiO-66-NH2,77.0,15,0.23,42,0.08,90,110,0.84,0.58,0.34,850,0.2139223385579622
UiO-66-NH2,77.0,25,0.23,42,0.08,90,110,0.84,0.58,0.34,850,0.224792800316746
UiO-66-NH2,77.0,35,0.23,42,0.08,90,110,0.84,0.58,0.34,850,0.19530444068056374
UiO-66-NH2,77.0,45,0.23,42,0.08,90,110,0.84,0.58,0.34,850,0.2016618644298973
UiO-66-NH2,77.0,60,0.23,42,0.08,90,110,0.84,0.58,0.34,850,0.17373972017976252
UiO-66-NH2,80.0,15,0.23,42,0.08,90,110,0.84,0.58,0.34,850,0.23
UiO-66-NH2,80.0,25,0.23,42,0.08,90,110,0.84,0.58,0.34,850,0.23
UiO-66-NH2,80.0,35,0.23,42,0.08,90,110,0.84,0.58,0.34,850,0.23
UiO-66-NH2,80.0,45,0.23,42,0.08,90,110,0.84,0.58,0.34,850,0.19931004412873407
UiO-66-NH2,80.0,60,0.23,42,0.08,90,110,0.84,0.58,0.34,850,0.19765258796372454
UiO-66-NH2,83.0,15,0.23,42,0.08,90,110,0.84,0.58,0.34,850,0.22311131797583278
UiO-66-NH2,83.0,25,0.23,42,0.08,90,110,0.84,0.58,0.34,850,0.22288461598666232
UiO-66-NH2,83.0,35,0.23,42,0.08,90,110,0.84,0.58,0.34,850,0.23
UiO-66-NH2,83.0,45,0.23,42,0.08,90,110,0.84,0.58,0.34,850,0.18809644270091458
UiO-66-NH2,83.0,60,0.23,42,0.08,90,110,0.84,0.58,0.34,850,0.20329057207068796
UiO-66-NH2,86.0,15,0.23,42,0.08,90,110,0.84,0.58,0.34,850,0.22280013399502696
UiO-66-NH2,86.0,25,0.23,42,0.08,90,110,0.84,0.58,0.34,850,0.23
UiO-66-NH2,86.0,35,0.23,42,0.08,90,110,0.84,0.58,0.34,850,0.21669913252621326
UiO-66-NH2,86.0,45,0.23,42,0.08,90,110,0.84,0.58,0.34,850,0.1974447543276299
UiO-66-NH2,86.0,60,0.23,42,0.08,90,110,0.84,0.58,0.34,850,0.19543923202674696
UiO-66-NH2,89.0,15,0.23,42,0.08,90,110,0.84,0.58,0.34,850,0.23
UiO-66-NH2,89.0,25,0.23,42,0.08,90,110,0.84,0.58,0.34,850,0.2251957570928894
UiO-66-NH2,89.0,35,0.23,42,0.08,90,110,0.84,0.58,0.34,850,0.22163238860209203
UiO-66-NH2,89.0,45,0.23,42,0.08,90,110,0.84,0.58,0.34,850,0.2005251634548469
UiO-66-NH2,89.0,60,0.23,42,0.08,90,110,0.84,0.58,0.34,850,0.16769266317291648
UiO-66-NH2,92.0,15,0.23,42,0.08,90,110,0.84,0.58,0.34,850,0.23
UiO-66-NH2,92.0,25,0.23,42,0.08,90,110,0.84,0.58,0.34,850,0.23
UiO-66-NH2,92.0,35,0.23,42,0.08,90,110,0.84,0.58,0.34,850,0.2186067854557422
UiO-66-NH2,92.0,45,0.23,42,0.08,90,110,0.84,0.58,0.34,850,0.2086150447185453
UiO-66-NH2,92.0,60,0.23,42,0.08,90,110,0.84,0.58,0.34,850,0.20667787690175513
UiO-66-NH2,95.0,15,0.23,42,0.08,90,110,0.84,0.58,0.34,850,0.22124803817856234
UiO-66-NH2,95.0,25,0.23,42,0.08,90,110,0.84,0.58,0.34,850,0.21825491009997883
UiO-66-NH2,95.0,35,0.23,42,0.08,90,110,0.84,0.58,0.34,850,0.21540138769495798
UiO-66-NH2,95.0,45,0.23,42,0.08,90,110,0.84,0.58,0.34,850,0.22286381963615695
UiO-66-NH2,95.0,60,0.23,42,0.08,90,110,0.84,0.58,0.34,850,0.17834529938930788
